rows,cols,vals
1,2,0.0031
1,3,0.0132133159519192
2,3,0.0001
1,4,0
2,4,0.00848225566898853
3,4,0
1,5,0.0031
2,5,0
3,5,0.017548120121772
4,5,0.0031
1,6,0.0112684709565049
2,6,0.0005
3,6,0
4,6,0.0105853436484299
5,6,0.00620479076091527
1,7,0
2,7,0.00848225566898853
3,7,0
4,7,0
5,7,0
6,7,0.0188340436038669
1,8,0
2,8,0.00783709437866595
3,8,0
4,8,0
5,8,0
6,8,0.0123341398136707
7,8,0.00123226096167826
1,9,0
2,9,0.0124562597063963
3,9,0
4,9,0
5,9,0
6,9,0.011056564802475
7,9,0.00200884171276587
8,9,0
1,10,0.00426813919243587
2,10,0.0021
3,10,0
4,10,0.00470066038095965
5,10,0.00284925373134328
6,10,0.0026
7,10,0.0100043404357454
8,10,0.0002
9,10,0.0054569008539739
1,11,0.0126155945895339
2,11,0
3,11,0.0031
4,11,0.0123296731329871
5,11,0.0134764887013069
6,11,0
7,11,0.00415670443362382
8,11,0.00924473549935021
9,11,0.014817375218916
10,11,0.0046149607647748
1,12,0
2,12,0.00783709437866595
3,12,0
4,12,0
5,12,0
6,12,0.0093283100102603
7,12,0.00186799664234333
8,12,0
9,12,0
10,12,0.00105083688501638
11,12,0
1,13,0
2,13,0.00719193308834337
3,13,0
4,13,0
5,13,0
6,13,0.0105898042631339
7,13,0.00186799664234333
8,13,0
9,13,0
10,13,0.000641729147141518
11,13,0
12,13,0.020151770536665
1,14,0
2,14,0.00848225566898853
3,14,0
4,14,0
5,14,0
6,14,0.0173098733296966
7,14,0.00229455599848015
8,14,0
9,14,0
10,14,0.00105083688501638
11,14,0
12,14,0.00856477378192627
13,14,0.00897896661661816
1,15,0.0112279197898017
2,15,0.0004
3,15,0.0001
4,15,0.012764708727795
5,15,0.00531391063528011
6,15,0.0004
7,15,0.0130305402790231
8,15,0.00328181818181818
9,15,0.0101021929466102
10,15,0.0182541519133337
11,15,0.00375236175115208
12,15,0.0003
13,15,0.0003
14,15,0.0003
1,16,0
2,16,0.00848225566898853
3,16,0
4,16,0
5,16,0
6,16,0.0162549837748071
7,16,0.00147325980023807
8,16,0
9,16,0
10,16,0.000641729147141518
11,16,0
12,16,0.00955402109375422
13,16,0.0124096904827957
14,16,0.0126112388691325
15,16,0.0135725981952139
1,17,0.0122701410261223
2,17,0.0004
3,17,0.0001
4,17,0.014522501588529
5,17,0.00616153843709366
6,17,0.0004
7,17,0.0131302743215763
8,17,0.00328181818181818
9,17,0.00904456956640617
10,17,0.0182173872074513
11,17,0.00394466944345977
12,17,0.0003
13,17,0.0003
14,17,0.0003
15,17,0.0003
16,17,0.0088961926966052
1,18,0.0031
2,18,0
3,18,0.0122707752444271
4,18,0.0031
5,18,0.00330513359983169
6,18,0
7,18,0
8,18,0.00507326739815757
9,18,0.0031
10,18,0
11,18,0.003659298326072
12,18,0
13,18,0
14,18,0
15,18,0
16,18,0.0031
17,18,0.00664599716933976
1,19,0
2,19,0.00719193308834337
3,19,0
4,19,0
5,19,0
6,19,0.00754390140810976
7,19,0.00123226096167826
8,19,0
9,19,0
10,19,0.000403092783505155
11,19,0
12,19,0.018945060579955
13,19,0.00713308848041744
14,19,0.0156743615617923
15,19,0.00789387668807194
16,19,0
17,19,0
18,19,0.000610619665225585
1,20,0.0221291755441613
2,20,0.0001
3,20,0.0024
4,20,0.0225985320002979
5,20,0.0122414244271979
6,20,0.0001
7,20,0.00946571262901207
8,20,0.0040882707628506
9,20,0.0121271035607
10,20,0.0125147711960118
11,20,0.00494398013811557
12,20,0
13,20,0
14,20,0
15,20,0
16,20,0.0149489777282194
17,20,0.0031
18,20,0.010628316103839
19,20,0.0148527390415768
1,21,0.00811608435594172
2,21,0
3,21,0.0031
4,21,0.00952693216004342
5,21,0.00624722946688846
6,21,0
7,21,0.00462126850885519
8,21,0.00450007705482656
9,21,0.0101384721640591
10,21,0.00536992779969996
11,21,0.00788587221805457
12,21,0
13,21,0
14,21,0
15,21,0
16,21,0.00747122106239069
17,21,0.00586321051925034
18,21,0.00518889051592506
19,21,0.0084296849360268
20,21,0.00918828869679388
1,22,0
2,22,0.0166669396629928
3,22,0
4,22,0
5,22,0
6,22,0.00916755732208826
7,22,0.000907217584003298
8,22,0
9,22,0
10,22,0.000403092783505155
11,22,0
12,22,0.00718036517977573
13,22,0.0115616472425111
14,22,0.00721720154959457
15,22,0.0116136034862192
16,22,0
17,22,0
18,22,0.0004
19,22,0
20,22,0
21,22,0.00724941111990812
1,23,0.0142221614592834
2,23,0
3,23,0.0031
4,23,0.0192870545888205
5,23,0.00966073547518662
6,23,0
7,23,0.00478896539530207
8,23,0.0069558466084222
9,23,0.0083712663636707
10,23,0.00597592762223535
11,23,0.0146837239264684
12,23,0
13,23,0
14,23,0
15,23,0
16,23,0.0195926310005115
17,23,0.00535452353708816
18,23,0.00473826822155277
19,23,0.0113794253221664
20,23,0.00699084885891535
21,23,0
22,23,0.0343683014740845
1,24,0.00891554235052166
2,24,0
3,24,0.0031
4,24,0.00964561121061101
5,24,0.00773318825105031
6,24,0
7,24,0.00425771453463392
8,24,0.00590064899400979
9,24,0.00834807526905103
10,24,0.00464190888963445
11,24,0.00960836833692407
12,24,0
13,24,0
14,24,0
15,24,0
16,24,0.0101954857097536
17,24,0.00772913019207538
18,24,0.00433992962321417
19,24,0.00845231356836933
20,24,0.00973591390523503
21,24,0
22,24,0.0184482770540601
23,24,0
1,25,0.00877697455790774
2,25,0.0004
3,25,0
4,25,0.00874768131076754
5,25,0.00575614584840481
6,25,0.0004
7,25,0.0112593988833107
8,25,0.0031
9,25,0.0156458893402335
10,25,0.0150463915364557
11,25,0.00357379032258065
12,25,0.0003
13,25,0.0003
14,25,0.0004
15,25,0.0003
16,25,0.00448300821821159
17,25,0.0031
18,25,0.0176738222623412
19,25,0.0090844938082497
20,25,0.0031
21,25,0.0004
22,25,0.00415470235753164
23,25,0.0004
24,25,0.0031
1,26,0.0101018684816563
2,26,0.0002
3,26,0.00115
4,26,0.0144091847977928
5,26,0.00501663845689956
6,26,0.0002
7,26,0.010135098408751
8,26,0.00347789661319073
9,26,0.00816626121484554
10,26,0.0104033760868364
11,26,0.00456519225932769
12,26,0
13,26,0
14,26,0.0001
15,26,0.0001
16,26,0.00840268620309871
17,26,0.0031
18,26,0.00999801988964609
19,26,0.0209728246002812
20,26,0.00357952022914429
21,26,0.0001
22,26,0.00895182778764831
23,26,0.0002
24,26,0.00357357315807679
25,26,0.0024
1,27,0.00458941362211544
2,27,0
3,27,0.0037
4,27,0.00478719315255134
5,27,0.00595411888744922
6,27,0
7,27,0.00330975321411162
8,27,0.0133970961970761
9,27,0.00418402574676636
10,27,0.00337426880729465
11,27,0.0183544954466689
12,27,0
13,27,0
14,27,0
15,27,0
16,27,0.0083539894746409
17,27,0.0141885479425191
18,27,0.0033405023072364
19,27,0.00414902007948786
20,27,0.014424861356256
21,27,0
22,27,0.0099406166867326
23,27,0
24,27,0.0146064385426855
25,27,0.0041
26,27,0.0145049894149221
1,28,0.00669350853470994
2,28,0.0006
3,28,0
4,28,0.00795840928011619
5,28,0.00403834078272542
6,28,0.0006
7,28,0.0132415910036607
8,28,0.0031
9,28,0.0101879497915527
10,28,0.0155033243095649
11,28,0.00357379032258065
12,28,0.0004
13,28,0.0004
14,28,0.0005
15,28,0.0004
16,28,0.00448300821821159
17,28,0.0031
18,28,0.0234440242825432
19,28,0.0127821575968452
20,28,0.0031
21,28,0.0006
22,28,0.00447728300269293
23,28,0.0006
24,28,0.0031
25,28,0
26,28,0.0031
27,28,0.0031
1,29,0
2,29,0.0226113841074373
3,29,0
4,29,0
5,29,0
6,29,0.0127471749169982
7,29,0.00186799664234333
8,29,0
9,29,0
10,29,0.000641729147141518
11,29,0
12,29,0.00718036517977573
13,29,0.0123127620697128
14,29,0.00721720154959457
15,29,0.016610568939067
16,29,0
17,29,0
18,29,0.00099231114447804
19,29,0.000131578947368421
20,29,0
21,29,0.00724941111990812
22,29,0
23,29,0.00894526976879009
24,29,0
25,29,0
26,29,0
27,29,0
28,29,0
1,30,0.00411662404092072
2,30,0.0028
3,30,0
4,30,0.00470066038095965
5,30,0.000749253731343284
6,30,0.003
7,30,0.0109221592721581
8,30,0
9,30,0.0051440953798781
10,30,0.00948206565208463
11,30,0.0002
12,30,0.003
13,30,0.0027
14,30,0.0032
15,30,0.0028
16,30,0.00243478260869565
17,30,0
18,30,0.011483792217774
19,30,0.0058810216964753
20,30,0
21,30,0.0037
22,30,0.00253691389599318
23,30,0.0036
24,30,0
25,30,0
26,30,0
27,30,0
28,30,0
29,30,0.0033
1,31,0.00665259017554281
2,31,0
3,31,0.0036
4,31,0.00618761733070617
5,31,0.0104169222089305
6,31,0
7,31,0.00365670443362382
8,31,0.0137888654737837
9,31,0.00656826521116526
10,31,0.00357426880729465
11,31,0.0178272459503792
12,31,0
13,31,0
14,31,0
15,31,0
16,31,0.00970857579427228
17,31,0.0121321145302208
18,31,0.0035405023072364
19,31,0.00474509851086041
20,31,0.0226452520766467
21,31,0
22,31,0.015518438036362
23,31,0
24,31,0.0252242651605122
25,31,0.0035
26,31,0.0166808011792199
27,31,0.0187008985565014
28,31,0.00796493126769165
29,31,0
30,31,0
1,32,0
2,32,0.00751451373350466
3,32,0
4,32,0
5,32,0
6,32,0.0114783100102603
7,32,0.00123226096167826
8,32,0
9,32,0
10,32,0.000516729147141518
11,32,0
12,32,0.0145342547191491
13,32,0.011237948732703
14,32,0.0173412086036394
15,32,0.00983384084577804
16,32,0
17,32,0
18,32,0.000610619665225585
19,32,0
20,32,0
21,32,0.0130229342917579
22,32,0
23,32,0.0168793494622024
24,32,0
25,32,0
26,32,0
27,32,0
28,32,0
29,32,0.0145148843374984
30,32,0.0149411717965607
31,32,0.010383473484798
1,33,0
2,33,0.00719193308834337
3,33,0
4,33,0
5,33,0
6,33,0.0102283100102603
7,33,0.00101248074189804
8,33,0
9,33,0
10,33,0.000403092783505155
11,33,0
12,33,0.0160926796275741
13,33,0.0118670932950372
14,33,0.0166290873915182
15,33,0.00853903797839452
16,33,0
17,33,0
18,33,0.000503092783505155
19,33,0
20,33,0
21,33,0.0115943628631865
22,33,0
23,33,0.0104996285645282
24,33,0
25,33,0
26,33,0
27,33,0
28,33,0
29,33,0.0161161663887804
30,33,0.0133376364430253
31,33,0.0125061841075086
32,33,0.00705730166683387
1,34,0.00619653883774024
2,34,0.0012
3,34,0
4,34,0.00699004327467517
5,34,0.00387440635649591
6,34,0.0014
7,34,0.0163018127867086
8,34,0.0031
9,34,0.00768603232517051
10,34,0.0163856772507414
11,34,0.0034125
12,34,0.0011
13,34,0.0008
14,34,0.0012
15,34,0.0009
16,34,0.00415505122896427
17,34,0.0025
18,34,0.0312773576158766
19,34,0.00926984569686317
20,34,0.0031
21,34,0.0012
22,34,0.00415470235753164
23,34,0.0014
24,34,0.0031
25,34,0
26,34,0.0031
27,34,0.0029
28,34,0.0009
29,34,0.0012
30,34,0.0014
31,34,0.0004
32,34,0.0005
33,34,0.00528408766384087
1,35,0.00883409591314302
2,35,0
3,35,0.0035
4,35,0.00784710648988286
5,35,0.0207384675084076
6,35,0
7,35,0.00385670443362382
8,35,0.0153442891361036
9,35,0.00669837793258233
10,35,0.00367736159079981
11,35,0.0237733456023612
12,35,0
13,35,0
14,35,0
15,35,0
16,35,0.0157915848244653
17,35,0.00963820745414291
18,35,0.0036405023072364
19,35,0.0048900260470923
20,35,0.00987875572502182
21,35,0
22,35,0.0138302167505601
23,35,0
24,35,0.0104143015131054
25,35,0.0035
26,35,0.0146639429972023
27,35,0.00995975498848732
28,35,0.00743906034620053
29,35,0
30,35,0
31,35,0
32,35,0
33,35,0.0147092675538305
34,35,0
1,36,0
2,36,0.00719193308834337
3,36,0
4,36,0
5,36,0
6,36,0.00918314871993772
7,36,0.00147325980023807
8,36,0
9,36,0
10,36,0.000641729147141518
11,36,0
12,36,0.0238184372033316
13,36,0.00789045173427439
14,36,0.0309185201809509
15,36,0.00821645733323323
16,36,0
17,36,0
18,36,0.00099231114447804
19,36,0
20,36,0
21,36,0.021893480105257
22,36,0
23,36,0.0137993648333047
24,36,0
25,36,0
26,36,0
27,36,0
28,36,0
29,36,0.0238600399065669
30,36,0.0267484950288839
31,36,0.00869378891531799
32,36,0.00705730166683387
33,36,0
34,36,0.0158894125390081
35,36,0.0104958579047311
1,37,0.00541523319261586
2,37,0
3,37,0.0031
4,37,0.00664082656218735
5,37,0.00528212698883546
6,37,0
7,37,0.00415670443362382
8,37,0.00858765286409982
9,37,0.00566149364929642
10,37,0.00419606062580319
11,37,0.0103720804565684
12,37,0
13,37,0
14,37,0
15,37,0
16,37,0.00768717291131548
17,37,0.00913204778090002
18,37,0.00407307319197418
19,37,0.00568892649756219
20,37,0.0116452756700546
21,37,0
22,37,0.0135595094462523
23,37,0
24,37,0.0104187612285483
25,37,0.0031
26,37,0.0108637861385115
27,37,0.00722020524236677
28,37,0.00670668851406846
29,37,0
30,37,0
31,37,0
32,37,0
33,37,0.004994168731068
34,37,0
35,37,0
36,37,0.0133755542697021
1,38,0
2,38,0.00783709437866595
3,38,0
4,38,0
5,38,0
6,38,0.0111092239887549
7,38,0.00147325980023807
8,38,0
9,38,0
10,38,0.000641729147141518
11,38,0
12,38,0.00955402109375422
13,38,0.0107530349395995
14,38,0.0155926705919435
15,38,0.0125079430228001
16,38,0
17,38,0
18,38,0.00073257088473778
19,38,0
20,38,0
21,38,0.0130229342917579
22,38,0
23,38,0.0195887968775322
24,38,0
25,38,0
26,38,0
27,38,0
28,38,0
29,38,0.00948255374471413
30,38,0.0149411717965607
31,38,0.0100501401514646
32,38,0.00705730166683387
33,38,0
34,38,0.0266368179114135
35,38,0.00851505913360977
36,38,0
37,38,0
1,39,0
2,39,0.00848225566898853
3,39,0
4,39,0
5,39,0
6,39,0.0153733653931887
7,39,0.00186799664234333
8,39,0
9,39,0
10,39,0.000776864282276653
11,39,0
12,39,0.00824219313676497
13,39,0.00897896661661816
14,39,0.00861950569706001
15,39,0.0136274923751081
16,39,0
17,39,0
18,39,0.00112564447781137
19,39,0.000131578947368421
20,39,0
21,39,0.00936622137837336
22,39,0
23,39,0.0250097925485278
24,39,0
25,39,0
26,39,0
27,39,0
28,39,0
29,39,0.00830032397674582
30,39,0.00900953686900925
31,39,0.00802712224865132
32,39,0.00734301595254816
33,39,0
34,39,0.0122504323820747
35,39,0.00819247848844848
36,39,0
37,39,0
38,39,0.0138720962236291
1,40,0.0111098407330028
2,40,0
3,40,0.0031
4,40,0.0168915080301161
5,40,0.00811983035471847
6,40,0
7,40,0.00478896539530207
8,40,0.00634332740719332
9,40,0.00700423113118867
10,40,0.00546494117997261
11,40,0.0124469488074453
12,40,0
13,40,0
14,40,0
15,40,0
16,40,0.0228273864411493
17,40,0.00505149323405785
18,40,0.00473826822155277
19,40,0.0119365370881515
20,40,0.0065435184115849
21,40,0
22,40,0.0252016348074179
23,40,0
24,40,0.00663598594744982
25,40,0.0031
26,40,0.00765144768263299
27,40,0.00410031342298095
28,40,0.003854817646122
29,40,0
30,40,0
31,40,0
32,40,0
33,40,0.00884357551355932
34,40,0
35,40,0
36,40,0.0116708332355383
37,40,0.0134097105590152
38,40,0
39,40,0
1,41,0.0027695652173913
2,41,0.0041
3,41,0
4,41,0.00400434782608696
5,41,0.0002
6,41,0.0043
7,41,0.0118804926054914
8,41,0
9,41,0.00364927536231884
10,41,0.00910107871449392
11,41,0
12,41,0.0042
13,41,0.00375
14,41,0.0043
15,41,0.0041
16,41,0.000734782608695652
17,41,0
18,41,0.0102235330709742
19,41,0.00545896039883796
20,41,0
21,41,0.0045
22,41,0.000589855072463768
23,41,0.0045
24,41,0
25,41,0
26,41,0
27,41,0
28,41,0
29,41,0.0044
30,41,0.0045
31,41,0.0028
32,41,0.0027
33,41,0.000734782608695652
34,41,0.0043
35,41,0.0041
36,41,0.000344927536231884
37,41,0.000979710144927536
38,41,0.0042
39,41,0.0041
40,41,0.0028
1,42,0.00371984840472413
2,42,0
3,42,0.00660001558685169
4,42,0.00377056911163063
5,42,0.00586404654235714
6,42,0
7,42,0.000985635719126215
8,42,0.0171094688272876
9,42,0.00324705882352941
10,42,0.00327426880729465
11,42,0.0120039662393706
12,42,0
13,42,0
14,42,0
15,42,0
16,42,0.00488239092658736
17,42,0.020534146788118
18,42,0.00277229113702987
19,42,0.00311016285302
20,42,0.0150504024817971
21,42,0
22,42,0.00506643393327161
23,42,0
24,42,0.0152557891920362
25,42,0.00740690132739663
26,42,0.0181784727942878
27,42,0.0116627974930694
28,42,0.0320357227387336
29,42,0
30,42,0
31,42,0
32,42,0
33,42,0.00394663798341453
34,42,0
35,42,0
36,42,0.00621004684801249
37,42,0.00381325359758601
38,42,0
39,42,0
40,42,0
41,42,0.00442277523683718
1,43,0.0158302263423483
2,43,0
3,43,0.0031
4,43,0.0115984599017738
5,43,0.0105499658599942
6,43,0
7,43,0.00425771453463392
8,43,0.00589218201214891
9,43,0.012705927170397
10,43,0.00475988830100669
11,43,0.0103698625897976
12,43,0
13,43,0
14,43,0
15,43,0
16,43,0.0112961568281273
17,43,0.00628324285090064
18,43,0.00473826822155277
19,43,0.00949868926199489
20,43,0.00905619040293088
21,43,0
22,43,0.0207730633788464
23,43,0
24,43,0.00960322047473237
25,43,0.0031
26,43,0.00756766644856625
27,43,0.00798827521007956
28,43,0.00383976023976024
29,43,0
30,43,0
31,43,0
32,43,0
33,43,0.00856503724984586
34,43,0
35,43,0
36,43,0.0200069357631379
37,43,0.0102253801559698
38,43,0
39,43,0
40,43,0
41,43,0.0216409706945774
42,43,0.00949388606054759
1,44,0.00916781210279142
2,44,0
3,44,0.0035
4,44,0.00692196392599165
5,44,0.0100959862883676
6,44,0
7,44,0.00365670443362382
8,44,0.00641050374172455
9,44,0.00720534988514186
10,44,0.00367736159079981
11,44,0.00853021657426333
12,44,0
13,44,0
14,44,0
15,44,0
16,44,0.00743792724570634
17,44,0.0101078030292359
18,44,0.0037405023072364
19,44,0.00640374209992243
20,44,0.0111205042070892
21,44,0
22,44,0.0100658663344896
23,44,0
24,44,0.0118794498056162
25,44,0.0035
26,44,0.00807925024990449
27,44,0.0170402445594395
28,44,0.00684029358653223
29,44,0
30,44,0
31,44,0
32,44,0
33,44,0.00555139760583719
34,44,0
35,44,0
36,44,0.0131718191253897
37,44,0.00637729191434172
38,44,0
39,44,0
40,44,0
41,44,0.0135614110900952
42,44,0.00561782110094131
43,44,0.00861159976243897
1,45,0.0031
2,45,0
3,45,0.0132993466729986
4,45,0.0031
5,45,0.00385457967347131
6,45,0
7,45,0
8,45,0.00781528326152779
9,45,0.0031
10,45,0.000309278350515464
11,45,0.00486463527767761
12,45,0
13,45,0
14,45,0
15,45,0
16,45,0.00361122505023214
17,45,0.00838428432516685
18,45,0
19,45,0.00311016285302
20,45,0.00674745036730142
21,45,0
22,45,0.00361335725677831
23,45,0
24,45,0.00676078353834558
25,45,0.0115364308928589
26,45,0.00696507835375585
27,45,0.00847383185150528
28,45,0.0107149864420272
29,45,0
30,45,0
31,45,0
32,45,0
33,45,0.00361293386773043
34,45,0
35,45,0
36,45,0.00357932918691932
37,45,0.0031
38,45,0
39,45,0
40,45,0
41,45,0.00333184543637575
42,45,0.0031
43,45,0.00370755360046597
44,45,0
1,46,0.00776463194872745
2,46,0.0006
3,46,0
4,46,0.00936961493270116
5,46,0.00403834078272542
6,46,0.0006
7,46,0.0153114746224574
8,46,0.0031
9,46,0.00912175684230882
10,46,0.0196156237748056
11,46,0.00357379032258065
12,46,0.0004
13,46,0.0004
14,46,0.0006
15,46,0.0004
16,46,0.00500337693661777
17,46,0.0031
18,46,0.0254440242825432
19,46,0.0142655558341889
20,46,0.0031
21,46,0.0006
22,46,0.00466246818787812
23,46,0.0007
24,46,0.0031
25,46,0
26,46,0.0031
27,46,0.0031
28,46,0.003
29,46,0.0005
30,46,0.0006
31,46,0.0002
32,46,0.0003
33,46,0.00599430031364203
34,46,0.0006
35,46,0.0004
36,46,0.00436386807150307
37,46,0.00583829979174716
38,46,0.0005
39,46,0.0004
40,46,0.0004
41,46,0.00516928994008597
42,46,0.00627177134342373
43,46,0.00419820109555053
44,46,0.0004
45,46,0.0005
1,47,0
2,47,0.00719193308834337
3,47,0
4,47,0
5,47,0
6,47,0.00722132076294847
7,47,0.00101248074189804
8,47,0
9,47,0
10,47,0.000403092783505155
11,47,0
12,47,0.0148411644760589
13,47,0.00713308848041744
14,47,0.0106744526987256
15,47,0.00715462937624399
16,47,0
17,47,0
18,47,0.000610619665225585
19,47,0
20,47,0
21,47,0.0137571081651767
22,47,0
23,47,0.00794452820408857
24,47,0
25,47,0
26,47,0
27,47,0
28,47,0
29,47,0.0150231180564872
30,47,0.0127613206535517
31,47,0.00975216065110908
32,47,0.00705730166683387
33,47,0
34,47,0.00821716039426549
35,47,0.0175570141398004
36,47,0
37,47,0
38,47,0.00718346479444627
39,47,0.00714577187500917
40,47,0.00708422912943245
41,47,0
42,47,0
43,47,0
44,47,0.00709817788244964
45,47,0.00716159464213386
46,47,0.00143625423831609
1,48,0
2,48,0.00719193308834337
3,48,0
4,48,0
5,48,0
6,48,0.00722132076294847
7,48,0.0006
8,48,0
9,48,0
10,48,0.0003
11,48,0
12,48,0.0129102120951065
13,48,0.00713308848041744
14,48,0.00923174151463509
15,48,0.00715462937624399
16,48,0
17,48,0
18,48,0.0004
19,48,0
20,48,0
21,48,0.00995442727542483
22,48,0
23,48,0.00759970061788167
24,48,0
25,48,0
26,48,0
27,48,0
28,48,0
29,48,0.0114059337914769
30,48,0.0096158587080897
31,48,0.0126561413776705
32,48,0.00705730166683387
33,48,0
34,48,0.00787233280805859
35,48,0.016128442711229
36,48,0
37,48,0
38,48,0.00718346479444627
39,48,0.00714577187500917
40,48,0.00708422912943245
41,48,0
42,48,0
43,48,0
44,48,0.00709817788244964
45,48,0.00716159464213386
46,48,0.000701010101010101
47,48,0
1,49,0.011825055123739
2,49,0
3,49,0.0031
4,49,0.009517475895268
5,49,0.0104116677333594
6,49,0
7,49,0.0049205443426705
8,49,0.00421022198236279
9,49,0.019786668856194
10,49,0.00610102296326831
11,49,0.0053119181702327
12,49,0
13,49,0
14,49,0
15,49,0
16,49,0.00672229425241694
17,49,0.00441718865441166
18,49,0.00605638533994162
19,49,0.00897441876530559
20,49,0.00596847680073766
21,49,0
22,49,0.0098385936072169
23,49,0
24,49,0.00739171100632705
25,49,0.0031
26,49,0.00471859146815228
27,49,0.00699189839848536
28,49,0.0035
29,49,0
30,49,0
31,49,0
32,49,0
33,49,0.00706066428418257
34,49,0
35,49,0
36,49,0.0198283643345665
37,49,0.00725592527530883
38,49,0
39,49,0
40,49,0
41,49,0.0152693433539098
42,49,0.00668200244705106
43,49,0.00724410029037887
44,49,0
45,49,0
46,49,0.00530674223957742
47,49,0.0135516804572881
48,49,0.00602223378868815
1,50,0.00355591397849462
2,50,0
3,50,0.00850191079309472
4,50,0.0031
5,50,0.00519020192321542
6,50,0
7,50,0.000106382978723404
8,50,0.0101057307813688
9,50,0.0031
10,50,0.00272718148601378
11,50,0.00682526011428871
12,50,0
13,50,0
14,50,0
15,50,0
16,50,0.00393124553154295
17,50,0.0113845114384826
18,50,0.00190376539753639
19,50,0.00311016285302
20,50,0.00874237999951001
21,50,0
22,50,0.00377208741550847
23,50,0
24,50,0.00882906774612577
25,50,0.010183479925285
26,50,0.00867009096401332
27,50,0.0127956516038647
28,50,0.0145188050159336
29,50,0
30,50,0
31,50,0
32,50,0
33,50,0.00377422419031108
34,50,0
35,50,0
36,50,0.00404567534076548
37,50,0.00364658693091934
38,50,0
39,50,0
40,50,0
41,50,0.0037777550822854
42,50,0.00369229659229659
43,50,0.00465777072205406
44,50,0
45,50,0
46,50,0.000106382978723404
47,50,0.00468523298798679
48,50,0.00927126030877291
49,50,0.00380602608726526
1,51,0
2,51,0.00719193308834337
3,51,0
4,51,0
5,51,0
6,51,0.00722132076294847
7,51,0.00123226096167826
8,51,0
9,51,0
10,51,0.000516729147141518
11,51,0
12,51,0.0205684372033316
13,51,0.00713308848041744
14,51,0.0175924018548326
15,51,0.00715462937624399
16,51,0
17,51,0
18,51,0.00073257088473778
19,51,0
20,51,0
21,51,0.0265094931771524
22,51,0
23,51,0.00865172423386524
24,51,0
25,51,0
26,51,0
27,51,0
28,51,0
29,51,0.020610039906567
30,51,0.0254984950288839
31,51,0.0101022138237429
32,51,0.00705730166683387
33,51,0
34,51,0.015377808402404
35,51,0.0212236808064671
36,51,0
37,51,0
38,51,0.0082467861803483
39,51,0.00819586574768369
40,51,0.00708422912943245
41,51,0
42,51,0
43,51,0
44,51,0.00709817788244964
45,51,0.00716159464213386
46,51,0.00155253330808354
47,51,0
48,51,0
49,51,0
50,51,0
1,52,0
2,52,0.00848225566898853
3,52,0
4,52,0
5,52,0
6,52,0.0166395991594225
7,52,0.00135130858072587
8,52,0
9,52,0
10,52,0.000516729147141518
11,52,0
12,52,0.00824219313676497
13,52,0.0134564885123523
14,52,0.0107948504363647
15,52,0.0165362225338383
16,52,0
17,52,0
18,52,0.000610619665225585
19,52,0
20,52,0
21,52,0.0093539061074374
22,52,0
23,52,0.0170130393017746
24,52,0
25,52,0
26,52,0
27,52,0
28,52,0
29,52,0.00986716912932951
30,52,0.00935436445521614
31,52,0.00994407954540401
32,52,0.00734301595254816
33,52,0
34,52,0.0121623856249103
35,52,0.00819247848844848
36,52,0
37,52,0
38,52,0.023539845141378
39,52,0.0234778004857637
40,52,0.0096971323552389
41,52,0
42,52,0
43,52,0
44,52,0.0105792061855024
45,52,0.0135521057868842
46,52,0.00155253330808354
47,52,0
48,52,0
49,52,0
50,52,0
1,53,0
2,53,0.00719193308834337
3,53,0
4,53,0
5,53,0
6,53,0.00722132076294847
7,53,0.000803050917336632
8,53,0
9,53,0
10,53,0.0003
11,53,0
12,53,0.0148411644760589
13,53,0.00713308848041744
14,53,0.0106744526987256
15,53,0.00715462937624399
16,53,0
17,53,0
18,53,0.000503092783505155
19,53,0
20,53,0
21,53,0.0137571081651767
22,53,0
23,53,0.00794452820408857
24,53,0
25,53,0
26,53,0
27,53,0
28,53,0
29,53,0.0150231180564872
30,53,0.0127613206535517
31,53,0.0119143831359122
32,53,0.00705730166683387
33,53,0
34,53,0.00855049372759882
35,53,0.0265570141398003
36,53,0
37,53,0
38,53,0.00718346479444627
39,53,0.00750291473215203
40,53,0.00708422912943245
41,53,0
42,53,0
43,53,0
44,53,0.00709817788244964
45,53,0.00716159464213386
46,53,0.00121647401853587
47,53,0
48,53,0
49,53,0
50,53,0
1,54,0.0200400065432276
2,54,0
3,54,0.0031
4,54,0.0123195998729138
5,54,0.0155378903078304
6,54,0
7,54,0.0044717713111907
8,54,0.00589218201214891
9,54,0.0176936864000536
10,54,0.00561200000350202
11,54,0.00881900545220615
12,54,0
13,54,0
14,54,0
15,54,0
16,54,0.0115543842637741
17,54,0.00476163816159409
18,54,0.00531383757973082
19,54,0.00897894146872825
20,54,0.00735626775374601
21,54,0
22,54,0.0153465131738332
23,54,0
24,54,0.00815210522507289
25,54,0.0031
26,54,0.00682019843150868
27,54,0.00846640668005886
28,54,0.0036
29,54,0
30,54,0
31,54,0
32,54,0
33,54,0.0109790576039252
34,54,0
35,54,0
36,54,0.0234160266722288
37,54,0.0116991970648673
38,54,0
39,54,0
40,54,0
41,54,0.0135648897895384
42,54,0.00859058267272408
43,54,0.0123695955733183
44,54,0
45,54,0
46,54,0.00452807126618097
47,54,0.0286970133407788
48,54,0.00868319818990455
49,54,0.0123431076964772
50,54,0.0034
1,55,0.00415463101341979
2,55,0
3,55,0.00440309278350516
4,55,0.00435027925655816
5,55,0.00510021618869738
6,55,0
7,55,0.00270734357555741
8,55,0.0133119664930206
9,55,0.0033919863597613
10,55,0.00327426880729465
11,55,0.0124876492230536
12,55,0
13,55,0
14,55,0
15,55,0
16,55,0.00583378704627266
17,55,0.0161383342673054
18,55,0.0033405023072364
19,55,0.00338063068927731
20,55,0.0151391470705417
21,55,0
22,55,0.00761440621053505
23,55,0
24,55,0.0146064385426855
25,55,0.00527307090904535
26,55,0.0145049894149221
27,55,0.00894035482480096
28,55,0.0156154167375453
29,55,0
30,55,0
31,55,0
32,55,0
33,55,0.00420900679900673
34,55,0
35,55,0
36,55,0.00759066896896905
37,55,0.00506104566059546
38,55,0
39,55,0
40,55,0
41,55,0.00830170095578979
42,55,0.005310128793249
43,55,0.00576171894404137
44,55,0
45,55,0
46,55,0.00158465027281966
47,55,0.00614893615767816
48,55,0.0144147979226204
49,55,0.00424080869596091
50,55,0.0100938534810354
1,56,0
2,56,0.00719193308834337
3,56,0
4,56,0
5,56,0
6,56,0.00794390140810976
7,56,0.00123226096167826
8,56,0
9,56,0
10,56,0.000403092783505155
11,56,0
12,56,0.0135602120951065
13,56,0.00745566912557873
14,56,0.0130369346612076
15,56,0.00789387668807194
16,56,0
17,56,0
18,56,0.000610619665225585
19,56,0
20,56,0
21,56,0.0208428265104858
22,56,0
23,56,0.0115449020468726
24,56,0
25,56,0
26,56,0
27,56,0
28,56,0
29,56,0.0136157501383642
30,56,0.0156171818975708
31,56,0.0157661125233194
32,56,0.00705730166683387
33,56,0
34,56,0.021199458487212
35,56,0.0192236808064671
36,56,0
37,56,0
38,56,0.0082467861803483
39,56,0.0122912862753364
40,56,0.00740680977459374
41,56,0
42,56,0
43,56,0
44,56,0.00742075852761093
45,56,0.00748417528729515
46,56,0.00121647401853587
47,56,0
48,56,0
49,56,0
50,56,0
1,57,0.0040097034771879
2,57,0
3,57,0.00522258552161251
4,57,0.0040604241840944
5,57,0.00966549061641866
6,57,0
7,57,0.00270734357555741
8,57,0.0190731440409628
9,57,0.00393792238335373
10,57,0.00327426880729465
11,57,0.0187405221456247
12,57,0
13,57,0
14,57,0
15,57,0
16,57,0.00650359124350776
17,57,0.0214369245658957
18,57,0.0033405023072364
19,57,0.00324174180038842
20,57,0.018448060379455
21,57,0
22,57,0.00757862579471431
23,57,0
24,57,0.0185270734633205
25,57,0.00552491374975688
26,57,0.022321329937145
27,57,0.0162079611678584
28,57,0.0180040264656581
29,57,0
30,57,0
31,57,0
32,57,0
33,57,0.00585061679842421
34,57,0
35,57,0
36,57,0.00857570086051355
37,57,0.00536845150526839
38,57,0
39,57,0
40,57,0
41,57,0.00643415953668207
42,57,0.00416396984657854
43,57,0.00855726332951628
44,57,0
45,57,0
46,57,0.00276112086105495
47,57,0.0084628322979588
48,57,0.0185319666734098
49,57,0.00500332069376703
50,57,0.00930228671284677
1,58,0.00323333333333333
2,58,0
3,58,0.00624661536388625
4,58,0.0031
5,58,0.00385457967347131
6,58,0
7,58,0.00043130116479166
8,58,0.0107017890591498
9,58,0.0031
10,58,0.00283470836773421
11,58,0.00925752630157306
12,58,0
13,58,0
14,58,0
15,58,0
16,58,0.00438239092658736
17,58,0.0176859533149245
18,58,0.00244139980613854
19,58,0.00311016285302
20,58,0.014424861356256
21,58,0
22,58,0.0053516935390696
23,58,0
24,58,0.0146064385426855
25,58,0.00669358611000532
26,58,0.0115731531834267
27,58,0.00987930761183709
28,58,0.0177377429407538
29,58,0
30,58,0
31,58,0
32,58,0
33,58,0.00361293386773043
34,58,0
35,58,0
36,58,0.00513865640992662
37,58,0.00364658693091934
38,58,0
39,58,0
40,58,0
41,58,0.00554517881604427
42,58,0.00369229659229659
43,58,0.00432774590815828
44,58,0
45,58,0
46,58,0.000321436742164264
47,58,0.00496587328380735
48,58,0.0107214582820191
49,58,0.00364473576468462
50,58,0.0132324787446607
1,59,0
2,59,0.00719193308834337
3,59,0
4,59,0
5,59,0
6,59,0.00836056807477643
7,59,0.00101248074189804
8,59,0
9,59,0
10,59,0.000403092783505155
11,59,0
12,59,0.0202112943461888
13,59,0.00745566912557873
14,59,0.0169197828072136
15,59,0.00789387668807194
16,59,0
17,59,0
18,59,0.000503092783505155
19,59,0
20,59,0
21,59,0.0208428265104858
22,59,0
23,59,0.00865172423386524
24,59,0
25,59,0
26,59,0
27,59,0
28,59,0
29,59,0.0202528970494241
30,59,0.0171866263420152
31,59,0.0119440127655418
32,59,0.00705730166683387
33,59,0
34,59,0.0152349512595469
35,59,0.0192236808064671
36,59,0
37,59,0
38,59,0.0082467861803483
39,59,0.0105281762670651
40,59,0.00708422912943245
41,59,0
42,59,0
43,59,0
44,59,0.00709817788244964
45,59,0.00748417528729515
46,59,0.00121647401853587
47,59,0
48,59,0
49,59,0
50,59,0
1,60,0.0259220326870184
2,60,0
3,60,0.0031
4,60,0.0281540875558535
5,60,0.0125545404522299
6,60,0
7,60,0.00585966379344851
8,60,0.00461155977500493
9,60,0.0118746629180598
10,60,0.00817251061158148
11,60,0.0072870809063643
12,60,0
13,60,0
14,60,0
15,60,0
16,60,0.0197321483459112
17,60,0.0039671570953963
18,60,0.00624324384434045
19,60,0.0161614333771253
20,60,0.00460208709944421
21,60,0
22,60,0.0192181183239014
23,60,0
24,60,0.00487279449611383
25,60,0.0031
26,60,0.0053516142424794
27,60,0.00396678440607012
28,60,0.0035
29,60,0
30,60,0
31,60,0
32,60,0
33,60,0.0126202376573143
34,60,0
35,60,0
36,60,0.0123875431109169
37,60,0.0186340548373977
38,60,0
39,60,0
40,60,0
41,60,0.0122815382220986
42,60,0.0157528718776044
43,60,0.0132607951715042
44,60,0
45,60,0
46,60,0.00517340890624409
47,60,0.0208320776229019
48,60,0.00602305109543505
49,60,0.0156396651644131
50,60,0.0031
1,61,0.0186671307262341
2,61,0
3,61,0.0031
4,61,0.0172870545888205
5,61,0.023071800841741
6,61,0
7,61,0.00516154318123031
8,61,0.00777769745525132
9,61,0.0154158054798569
10,61,0.00824627503847813
11,61,0.010284151240299
12,61,0
13,61,0
14,61,0
15,61,0
16,61,0.0164270632349438
17,61,0.00435803455799048
18,61,0.00539448274102114
19,61,0.00956971876584745
20,61,0.00503686970813986
21,61,0
22,61,0.0139201582474783
23,61,0
24,61,0.00541905982498785
25,61,0.0031
26,61,0.00753296000178154
27,61,0.00476985109251862
28,61,0.00364492753623189
29,61,0
30,61,0
31,61,0
32,61,0
33,61,0.022072653210349
34,61,0
35,61,0
36,61,0.0136466396924223
37,61,0.0223146103929532
38,61,0
39,61,0
40,61,0
41,61,0.00923091560257176
42,61,0.0118728979524958
43,61,0.0191173007972032
44,61,0
45,61,0
46,61,0.00463116404968612
47,61,0.0176877774786018
48,61,0.00681486479413339
49,61,0.0228215871504947
50,61,0.0034
1,62,0.0159501433740826
2,62,0
3,62,0.0031
4,62,0.0178465783983443
5,62,0.0126837278233708
6,62,0
7,62,0.00456918517552185
8,62,0.0084868781514742
9,62,0.0142901167800396
10,62,0.00564259428890201
11,62,0.014629535905632
12,62,0
13,62,0
14,62,0
15,62,0
16,62,0.0178744491823297
17,62,0.00564437860955192
18,62,0.00460313308641763
19,62,0.00959220738441352
20,62,0.00817177577513638
21,62,0
22,62,0.0290349681407512
23,62,0
24,62,0.00815210522507289
25,62,0.0031
26,62,0.00888730219094123
27,62,0.00582016400424458
28,62,0.00370989010989011
29,62,0
30,62,0
31,62,0
32,62,0
33,62,0.0109453401982402
34,62,0
35,62,0
36,62,0.0252910266722288
37,62,0.0147364287285525
38,62,0
39,62,0
40,62,0
41,62,0.0156549139924217
42,62,0.0125118743646971
43,62,0.0128426153639851
44,62,0
45,62,0
46,62,0.00432188569917066
47,62,0.0234827276264931
48,62,0.00991879245478796
49,62,0.012772124083329
50,62,0.0035
1,63,0.00806794730780467
2,63,0
3,63,0.0035
4,63,0.00775461292437413
5,63,0.019071800841741
6,63,0
7,63,0.00406087110029049
8,63,0.0112182972747118
9,63,0.00624933938104117
10,63,0.00421691868203554
11,63,0.0109643229676018
12,63,0
13,63,0
14,63,0
15,63,0
16,63,0.0142185467514273
17,63,0.00594064325364265
18,63,0.00387037243710652
19,63,0.00563535270971187
20,63,0.00681173826833966
21,63,0
22,63,0.00843938718210046
23,63,0
24,63,0.00679685316714057
25,63,0.00360309278350516
26,63,0.00862301341934334
27,63,0.00629329425037962
28,63,0.00545246727909771
29,63,0
30,63,0
31,63,0
32,63,0
33,63,0.0184059865436823
34,63,0
35,63,0
36,63,0.00897863362721153
37,63,0.0157909175824957
38,63,0
39,63,0
40,63,0
41,63,0.00500008482291281
42,63,0.00940800186516418
43,63,0.0236173007972032
44,63,0
45,63,0
46,63,0.00392087559816055
47,63,0.0107509120535785
48,63,0.00792361172373914
49,63,0.0181228137017212
50,63,0.00404802031973704
1,64,0.00458941362211544
2,64,0
3,64,0.0037
4,64,0.00464013432902193
5,64,0.00757480588532822
6,64,0
7,64,0.00355670443362382
8,64,0.0185890754135119
9,64,0.00437270499204938
10,64,0.00347426880729465
11,64,0.0256885502807238
12,64,0
13,64,0
14,64,0
15,64,0
16,64,0.00916343003408146
17,64,0.0155827787117499
18,64,0.0033405023072364
19,64,0.00405524343839664
20,64,0.0181061800375747
21,64,0
22,64,0.0110596643057802
23,64,0
24,64,0.0182401381763852
25,64,0.0041
26,64,0.0219681553339704
27,64,0.00898475373190479
28,64,0.0133101655170017
29,64,0
30,64,0
31,64,0
32,64,0
33,64,0.00600807362730961
34,64,0
35,64,0
36,64,0.0100729061133296
37,64,0.00657205897590695
38,64,0
39,64,0
40,64,0
41,64,0.0098511671190667
42,64,0.00686069148678571
43,64,0.00862556323074935
44,64,0
45,64,0
46,64,0.00312550522779018
47,64,0.00850318472433856
48,64,0.0177279847358072
49,64,0.00545594053769122
50,64,0.00732816372704984
1,65,0
2,65,0.0110629008302788
3,65,0
4,65,0
5,65,0
6,65,0.0127305082503315
7,65,0.00147325980023807
8,65,0
9,65,0
10,65,0.000516729147141518
11,65,0
12,65,0.00718036517977573
13,65,0.0129126841782556
14,65,0.00789692505189872
15,65,0.0257065285350266
16,65,0
17,65,0
18,65,0.000610619665225585
19,65,0
20,65,0
21,65,0.00792913462221227
22,65,0
23,65,0.0123787718234669
24,65,0
25,65,0
26,65,0
27,65,0
28,65,0
29,65,0.00722038007772759
30,65,0.00794770891202
31,65,0.00812857152401364
32,65,0.00831075788803203
33,65,0
34,65,0.00967800695511205
35,65,0.00713065053145924
36,65,0
37,65,0
38,65,0.0161340009855339
39,65,0.0167075984655617
40,65,0.0240863252140066
41,65,0
42,65,0
43,65,0
44,65,0.0129268670197038
45,65,0.024256159473136
46,65,0.00155253330808354
47,65,0
48,65,0
49,65,0
50,65,0
1,66,0.0040097034771879
2,66,0
3,66,0.00522258552161251
4,66,0.0040604241840944
5,66,0.00982942504264816
6,66,0
7,66,0.00270734357555741
8,66,0.0235870329298517
9,66,0.00393792238335373
10,66,0.00327426880729465
11,66,0.0194135990687016
12,66,0
13,66,0
14,66,0
15,66,0
16,66,0.00733531963387049
17,66,0.0149028336568048
18,66,0.0033405023072364
19,66,0.00311016285302
20,66,0.0158000829088969
21,66,0
22,66,0.00757862579471431
23,66,0
24,66,0.0159282776231453
25,66,0.00566984128598876
26,66,0.0246824410482561
27,66,0.0127189905796231
28,66,0.0176915264656581
29,66,0
30,66,0
31,66,0
32,66,0
33,66,0.00641598476379218
34,66,0
35,66,0
36,66,0.0084144105379329
37,66,0.00580100964480327
38,66,0
39,66,0
40,66,0
41,66,0.00560932960470929
42,66,0.00473041864832146
43,66,0.010008845953119
44,66,0
45,66,0
46,66,0.00276112086105495
47,66,0.00804376062888713
48,66,0.0170557761972193
49,66,0.00562832069376703
50,66,0.0100811328666929
1,67,0.0134107296249907
2,67,0.0003
3,67,0.0007
4,67,0.0249874208891868
5,67,0.00704686486097577
6,67,0.0003
7,67,0.0123091268583235
8,67,0.0038882707628506
9,67,0.0100896851292243
10,67,0.0146057537428767
11,67,0.00456519225932769
12,67,0
13,67,0.0001
14,67,0.0001
15,67,0.0001
16,67,0.0124245853612882
17,67,0.0031
18,67,0.0111509905266136
19,67,0.0171852429009348
20,67,0.00347952022914429
21,67,0.0001
22,67,0.0094006106987263
23,67,0.0003
24,67,0.00347357315807679
25,67,0.00225
26,67,0.0040679731279485
27,67,0.00330833333333333
28,67,0.0031
29,67,0.0001
30,67,0.0002
31,67,0
32,67,0.0001
33,67,0.0113219209613405
34,67,0.0001
35,67,0
36,67,0.00653117042061931
37,67,0.0162563231680451
38,67,0.0002
39,67,0
40,67,0
41,67,0.00719061571141137
42,67,0.0175975119894471
43,67,0.00882884004482614
44,67,0
45,67,0.0002
46,67,0.00791355906559879
47,67,0.006939192488898
48,67,0.00423449097845015
49,67,0.0118393383442504
50,67,0.0031
1,68,0.00578758263406468
2,68,0
3,68,0.0036
4,68,0.00594371489168178
5,68,0.0105048242604366
6,68,0
7,68,0.00365670443362382
8,68,0.0188687789615978
9,68,0.00531493954853
10,68,0.00357426880729465
11,68,0.0301329947251682
12,68,0
13,68,0
14,68,0
15,68,0
16,68,0.0121253584623967
17,68,0.0130150202123876
18,68,0.0035405023072364
19,68,0.00474509851086041
20,68,0.0184978851066991
21,68,0
22,68,0.015710283079851
23,68,0
24,68,0.020157215352083
25,68,0.0037
26,68,0.0283374527032677
27,68,0.0107612105617318
28,68,0.0105563492973364
29,68,0
30,68,0
31,68,0
32,68,0
33,68,0.00876793508386225
34,68,0
35,68,0
36,68,0.0167887715644983
37,68,0.00953331870177806
38,68,0
39,68,0
40,68,0
41,68,0.0108788525519867
42,68,0.00678843635792681
43,68,0.011460652377395
44,68,0
45,68,0
46,68,0.00362087559816055
47,68,0.0151536966724622
48,68,0.0222745533632581
49,68,0.00782201756662658
50,68,0.00558253013359016
1,69,0.00640930479518705
2,69,0.0021
3,69,0
4,69,0.00598790275086896
5,69,0.00387440635649591
6,69,0.0021
7,69,0.0225316050532656
8,69,0.00185
9,69,0.00686188751573158
10,69,0.0170999629650271
11,69,0.003
12,69,0.00175
13,69,0.0017
14,69,0.0019
15,69,0.0017
16,69,0.00399632107023412
17,69,0.0003
18,69,0.0187849333734523
19,69,0.00748141781327582
20,69,0.0012
21,69,0.0019
22,69,0.00399845235753164
23,69,0.0021
24,69,0.0013
25,69,0
26,69,0.0022
27,69,0.0004
28,69,0
29,69,0.0018
30,69,0.0021
31,69,0.0008
32,69,0.0013
33,69,0.00544802209007038
34,69,0.0019
35,69,0.0014
36,69,0.00370646599777035
37,69,0.00524564790340562
38,69,0.0019
39,69,0.0016
40,69,0.0015
41,69,0.00399172864773124
42,69,0.00521010245792855
43,69,0.00386760000265435
44,69,0.0015
45,69,0.0018
46,69,0.0244240333378936
47,69,0.00370859728506787
48,69,0.0024
49,69,0.00592500061489637
50,69,0
1,70,0.00619653883774024
2,70,0.0009
3,70,0
4,70,0.00701172349147734
5,70,0.00355694603903559
6,70,0.0009
7,70,0.0175567147474929
8,70,0.0031
9,70,0.00664912155828477
10,70,0.0133937304720299
11,70,0.0034125
12,70,0.00075
13,70,0.0006
14,70,0.0009
15,70,0.00075
16,70,0.00448300821821159
17,70,0.003
18,70,0.0160980646865836
19,70,0.0110267400675147
20,70,0.0031
21,70,0.0009
22,70,0.00447728300269293
23,70,0.0012
24,70,0.0031
25,70,0
26,70,0.0031
27,70,0.003
28,70,0.0023
29,70,0.0009
30,70,0.0012
31,70,0.0004
32,70,0.0006
33,70,0.00478285165030978
34,70,0.0009
35,70,0.0006
36,70,0.00386271599777035
37,70,0.00525755266531038
38,70,0.0008
39,70,0.0007
40,70,0.0006
41,70,0.00464153023503283
42,70,0.00630734446595338
43,70,0.00370886984392419
44,70,0.0006
45,70,0.0007
46,70,0.0170880963280436
47,70,0.00370859728506787
48,70,0.0031
49,70,0.00524772335527615
50,70,0
1,71,0.0259220326870184
2,71,0
3,71,0.0031
4,71,0.0281540875558535
5,71,0.0122236732654305
6,71,0
7,71,0.00656332148841055
8,71,0.00448960855549274
9,71,0.0104924203658665
10,71,0.00922488192460068
11,71,0.00772867634795974
12,71,0
13,71,0
14,71,0
15,71,0
16,71,0.0251488150125779
17,71,0.0039671570953963
18,71,0.0066890763579479
19,71,0.0160207684154885
20,71,0.00448845073580784
21,71,0
22,71,0.0176700702758533
23,71,0
24,71,0.00458293942365006
25,71,0.0031
26,71,0.00481175917001563
27,71,0.00371037414965987
28,71,0.0035
29,71,0
30,71,0
31,71,0
32,71,0
33,71,0.0131245111615878
34,71,0
35,71,0
36,71,0.00921537806044649
37,71,0.0268146103929532
38,71,0
39,71,0
40,71,0
41,71,0.00914155946171569
42,71,0.0182055381832118
43,71,0.0131383069918352
44,71,0
45,71,0
46,71,0.00543656680098093
47,71,0.0145264772123266
48,71,0.00556349227190564
49,71,0.0181851752099231
50,71,0.0031
1,72,0
2,72,0.00719193308834337
3,72,0
4,72,0
5,72,0
6,72,0.00722132076294847
7,72,0.000803050917336632
8,72,0
9,72,0
10,72,0.000403092783505155
11,72,0
12,72,0.0094491823840768
13,72,0.00713308848041744
14,72,0.00818494348507844
15,72,0.00715462937624399
16,72,0
17,72,0
18,72,0.000610619665225585
19,72,0
20,72,0
21,72,0.00821715305539199
22,72,0
23,72,0.00726636728454834
24,72,0
25,72,0
26,72,0
27,72,0
28,72,0
29,72,0.0098447775564076
30,72,0.00823572734519972
31,72,0.00703787493682336
32,72,0.00655842161721618
33,72,0
34,72,0.00753899947472526
35,72,0.00938871504758827
36,72,0
37,72,0
38,72,0.00718346479444627
39,72,0.00714577187500917
40,72,0.00708422912943245
41,72,0
42,72,0
43,72,0
44,72,0.00709817788244964
45,72,0.00716159464213386
46,72,0.00143625423831609
47,72,0
48,72,0
49,72,0
50,72,0
1,73,0.0191378446528304
2,73,0
3,73,0.0031
4,73,0.0128184385049479
5,73,0.025571800841741
6,73,0
7,73,0.00535585525248827
8,73,0.00623549125810776
9,73,0.0132816006042727
10,73,0.00841868883158157
11,73,0.00921015698742548
12,73,0
13,73,0
14,73,0
15,73,0
16,73,0.0160760128147757
17,73,0.00425494177448533
18,73,0.00547512790231147
19,73,0.00852159434212613
20,73,0.00503686970813986
21,73,0
22,73,0.0110682032909862
23,73,0
24,73,0.0051626495685776
25,73,0.0031
26,73,0.00621702690116174
27,73,0.00464450835848024
28,73,0.00364492753623189
29,73,0
30,73,0
31,73,0
32,73,0
33,73,0.024572653210349
34,73,0
35,73,0
36,73,0.0100558652110221
37,73,0.0223146103929532
38,73,0
39,73,0
40,73,0
41,73,0.00730372323879881
42,73,0.0118098727424118
43,73,0.0249506341305365
44,73,0
45,73,0
46,73,0.00485053590295872
47,73,0.0134866684024927
48,73,0.00657676955603815
49,73,0.0294882538171613
50,73,0.0035
1,74,0.0116279197898017
2,74,0.0003
3,74,0.0003
4,74,0.0111742325373188
5,74,0.00485231508797027
6,74,0.0003
7,74,0.0113491013385491
8,74,0.0031
9,74,0.0101116492113856
10,74,0.0137163980005798
11,74,0.00375236175115208
12,74,0.0001
13,74,0.0001
14,74,0.0002
15,74,0.0001
16,74,0.00630687492139371
17,74,0.0031
18,74,0.0147578760192771
19,74,0.0258104869379436
20,74,0.00327543859649123
21,74,0.0003
22,74,0.00592460117872628
23,74,0.0003
24,74,0.00326949152542373
25,74,0.0005
26,74,0.00327241379310345
27,74,0.0031
28,74,0.0031
29,74,0.0002
30,74,0.0003
31,74,0
32,74,0.0001
33,74,0.00628250147418362
34,74,0.0003
35,74,0.0001
36,74,0.00545993486255495
37,74,0.00735602517540873
38,74,0.0002
39,74,0.0001
40,74,0.0001
41,74,0.007166763594536
42,74,0.00849458491589312
43,74,0.00501471622544664
44,74,0.0001
45,74,0.0002
46,74,0.0112838211737684
47,74,0.00600266169942603
48,74,0.0036242656449553
49,74,0.00722890488380591
50,74,0.0029
1,75,0
2,75,0.0171484691572265
3,75,0
4,75,0
5,75,0
6,75,0.0173142023340256
7,75,0.00147325980023807
8,75,0
9,75,0
10,75,0.000516729147141518
11,75,0
12,75,0.00718036517977573
13,75,0.0190992527529427
14,75,0.00797434440673743
15,75,0.0223731952016933
16,75,0
17,75,0
18,75,0.000610619665225585
19,75,0
20,75,0
21,75,0.00760655397705098
22,75,0
23,75,0.0117450819838947
24,75,0
25,75,0
26,75,0
27,75,0
28,75,0
29,75,0.00722038007772759
30,75,0.00762512826685871
31,75,0.00736045558198465
32,75,0.00895591917835461
33,75,0
34,75,0.00894467362177871
35,75,0.00713065053145924
36,75,0
37,75,0
38,75,0.0226509562524891
39,75,0.0158742651322283
40,75,0.0154441351979036
41,75,0
42,75,0
43,75,0
44,75,0.023048079140916
45,75,0.0285894928064694
46,75,0.00143625423831609
47,75,0
48,75,0
49,75,0
50,75,0
1,76,0.00995509843903914
2,76,0.0006
3,76,0
4,76,0.0132369309500172
5,76,0.00475027427164374
6,76,0.0005
7,76,0.0177986562210521
8,76,0.00328181818181818
9,76,0.00794403899262332
10,76,0.0182173872074513
11,76,0.00375236175115208
12,76,0.0004
13,76,0.0004
14,76,0.0004
15,76,0.0004
16,76,0.00782641621985198
17,76,0.0031
18,76,0.0129086141700153
19,76,0.0190283801558368
20,76,0.00327543859649123
21,76,0.0004
22,76,0.00592460117872628
23,76,0.0006
24,76,0.00326949152542373
25,76,0.0001
26,76,0.00327241379310345
27,76,0.0031
28,76,0.0031
29,76,0.0004
30,76,0.0004
31,76,0.0001
32,76,0.0003
33,76,0.00809774877104672
34,76,0.0004
35,76,0.0003
36,76,0.00436386807150307
37,76,0.009094986721698
38,76,0.0004
39,76,0.0004
40,76,0.0003
41,76,0.00627763513456525
42,76,0.0123432737832518
43,76,0.00554199123801577
44,76,0.0003
45,76,0.0004
46,76,0.0108415134814607
47,76,0.00521731645021523
48,76,0.00343908045977012
49,76,0.00875261122935993
50,76,0.0022
1,77,0.0031
2,77,0
3,77,0.0127331584752314
4,77,0.0031
5,77,0.00416707967347131
6,77,0
7,77,0
8,77,0.0074791250694374
9,77,0.0031
10,77,0.00124677835051546
11,77,0.00548001989306223
12,77,0
13,77,0
14,77,0
15,77,0
16,77,0.00361122505023214
17,77,0.0102476851533003
18,77,0.0003125
19,77,0.00311016285302
20,77,0.0076680241438074
21,77,0
22,77,0.00361335725677831
23,77,0
24,77,0.00751480456935144
25,77,0.0108587221281936
26,77,0.0067926645606524
27,77,0.0130392413474545
28,77,0.0107149864420272
29,77,0
30,77,0
31,77,0
32,77,0
33,77,0.00361293386773043
34,77,0
35,77,0
36,77,0.00373317534076548
37,77,0.00364658693091934
38,77,0
39,77,0
40,77,0
41,77,0.00361902492355524
42,77,0.0031
43,77,0.00386139975431213
44,77,0
45,77,0
46,77,0
47,77,0.00403981568127916
48,77,0.00685794440183399
49,77,0.00364473576468462
50,77,0.0111978928779211
1,78,0.00371984840472413
2,78,0
3,78,0.00573648901680338
4,78,0.00377056911163063
5,78,0.00738450156197182
6,78,0
7,78,0.00200966915695276
8,78,0.0135430589299954
9,78,0.00342249742002064
10,78,0.00327426880729465
11,78,0.0136504118989742
12,78,0
13,78,0
14,78,0
15,78,0
16,78,0.00520275705931047
17,78,0.0235950442240154
18,78,0.0033405023072364
19,78,0.00311016285302
20,78,0.0153534327848274
21,78,0
22,78,0.00573458958450163
23,78,0
24,78,0.0155588194950665
25,78,0.00610255350130967
26,78,0.0157858654016804
27,78,0.0122510327871871
28,78,0.0270357227387336
29,78,0
30,78,0
31,78,0
32,78,0
33,78,0.00478868160806685
34,78,0
35,78,0
36,78,0.00693746431072407
37,78,0.00482713464407575
38,78,0
39,78,0
40,78,0
41,78,0.00578790103328071
42,78,0.00398215166476036
43,78,0.00699358334044892
44,78,0
45,78,0
46,78,0.00100325492398245
47,78,0.00719701527322942
48,78,0.0184006037834262
49,78,0.00398784426908344
50,78,0.013221115108297
1,79,0
2,79,0.0104177395399563
3,79,0
4,79,0
5,79,0
6,79,0.013206698726522
7,79,0.00147325980023807
8,79,0
9,79,0
10,79,0.000641729147141518
11,79,0
12,79,0.00750294582493702
13,79,0.0128728963798471
14,79,0.00829692505189872
15,79,0.0307065285350266
16,79,0
17,79,0
18,79,0.00073257088473778
19,79,0
20,79,0
21,79,0.00868649787606921
22,79,0
23,79,0.0167645012900787
24,79,0
25,79,0
26,79,0
27,79,0
28,79,0
29,79,0.00754296072288888
30,79,0.00836437557868666
31,79,0.00890238104782316
32,79,0.00831075788803203
33,79,0
34,79,0.010178006955112
35,79,0.0075473171981259
36,79,0
37,79,0
38,79,0.0161340009855339
39,79,0.0187278004857637
40,79,0.0127563124426146
41,79,0
42,79,0
43,79,0
44,79,0.0145268670197038
45,79,0.0159511321990685
46,79,0.00155253330808354
47,79,0
48,79,0
49,79,0
50,79,0
1,80,0.00411662404092072
2,80,0.0028
3,80,0
4,80,0.00455140664961637
5,80,0.0003
6,80,0.0033
7,80,0.0104873766634624
8,80,0
9,80,0.00484558791719154
10,80,0.00948206565208463
11,80,0.0002
12,80,0.0033
13,80,0.0027
14,80,0.0037
15,80,0.0028
16,80,0.00203478260869565
17,80,0
18,80,0.0104938033412445
19,80,0.00572229153774514
20,80,0
21,80,0.00405
22,80,0.00213691389599318
23,80,0.004
24,80,0
25,80,0
26,80,0
27,80,0
28,80,0
29,80,0.0038
30,80,0.0041
31,80,0.0022
32,80,0.002
33,80,0.00203478260869565
34,80,0.0037
35,80,0.0028
36,80,0.000844927536231884
37,80,0.00287971014492754
38,80,0.003
39,80,0.0028
40,80,0.0025
41,80,0.00223478260869565
42,80,0.00366956521739131
43,80,0.000444927536231884
44,80,0.0027
45,80,0.0028
46,80,0.0135066827146606
47,80,0.000847058823529412
48,80,0.0001
49,80,0.00277971014492754
50,80,0
1,81,0.00371984840472413
2,81,0
3,81,0.00602030544192415
4,81,0.00342574152542373
5,81,0.00478763987612106
6,81,0
7,81,0.000985635719126215
8,81,0.0148129001998367
9,81,0.0031
10,81,0.00327426880729465
11,81,0.0115753249881488
12,81,0
13,81,0
14,81,0
15,81,0
16,81,0.00488239092658736
17,81,0.0210192866482578
18,81,0.00266118002591876
19,81,0.00311016285302
20,81,0.014424861356256
21,81,0
22,81,0.00521349275680103
23,81,0
24,81,0.0141302480664951
25,81,0.00682719118246909
26,81,0.0158075104233255
27,81,0.0106198538303245
28,81,0.0225357227387336
29,81,0
30,81,0
31,81,0
32,81,0
33,81,0.00377422419031108
34,81,0
35,81,0
36,81,0.005827830623691
37,81,0.00381325359758601
38,81,0
39,81,0
40,81,0
41,81,0.0047462742016405
42,81,0.00369229659229659
43,81,0.0049565444121321
44,81,0
45,81,0
46,81,0.000321436742164264
47,81,0.00513998411920851
48,81,0.0123684452819472
49,81,0.00380602608726526
50,81,0.0164602059663212
1,82,0.00371984840472413
2,82,0
3,82,0.00732465326801111
4,82,0.00325625
5,82,0.00843838661097882
6,82,0
7,82,0.00054119127468177
8,82,0.0105290819400141
9,82,0.00342249742002064
10,82,0.00327426880729465
11,82,0.00750187795606296
12,82,0
13,82,0
14,82,0
15,82,0
16,82,0.00459253585412359
17,82,0.0116547817087529
18,82,0.00288465068759167
19,82,0.00311016285302
20,82,0.00869005137575281
21,82,0
22,82,0.00433106625501521
23,82,0
24,82,0.0089827574414888
25,82,0.00881328263161517
26,82,0.00907266745354633
27,82,0.0163079663793374
28,82,0.0123707871131203
29,82,0
30,82,0
31,82,0
32,82,0
33,82,0.00430702759380414
34,82,0
35,82,0
36,82,0.00517165346751384
37,82,0.00381325359758601
38,82,0
39,82,0
40,82,0
41,82,0.0037777550822854
42,82,0.00369229659229659
43,82,0.00704863613079583
44,82,0
45,82,0
46,82,0.000321436742164264
47,82,0.00593350525383705
48,82,0.0103229202890043
49,82,0.00380602608726526
50,82,0.0101366595472196
1,83,0
2,83,0.00783709437866595
3,83,0
4,83,0
5,83,0
6,83,0.0098283100102603
7,83,0.00101248074189804
8,83,0
9,83,0
10,83,0.000403092783505155
11,83,0
12,83,0.00961486765460078
13,83,0.00977089208245667
14,83,0.0120117816532959
15,83,0.0171612225338383
16,83,0
17,83,0
18,83,0.000503092783505155
19,83,0
20,83,0
21,83,0.0105458315732759
22,83,0
23,83,0.0138692484521014
24,83,0
25,83,0
26,83,0
27,83,0
28,83,0
29,83,0.00895623795524044
30,83,0.00972473482558651
31,83,0.0137137057525302
32,83,0.00734301595254816
33,83,0
34,83,0.0181507068003024
35,83,0.00851505913360977
36,83,0
37,83,0
38,83,0.0153006676522005
39,83,0.031811133819097
40,83,0.0119552371737974
41,83,0
42,83,0
43,83,0
44,83,0.0083885004630948
45,83,0.0119364848486826
46,83,0.00121647401853587
47,83,0
48,83,0
49,83,0
50,83,0
1,84,0.00386477594095602
2,84,0
3,84,0.00587537790569227
4,84,0.00391549664786251
5,84,0.00601789269620329
6,84,0
7,84,0.00189472662821712
8,84,0.0169844688272876
9,84,0.00360431560183882
10,84,0.00327426880729465
11,84,0.0131742214227837
12,84,0
13,84,0
14,84,0
15,84,0
16,84,0.00520275705931047
17,84,0.0244283775573487
18,84,0.00322555977850076
19,84,0.00311016285302
20,84,0.019400441331836
21,84,0
22,84,0.00588843573834778
23,84,0
24,84,0.016035009971257
25,84,0.00595762596507779
26,84,0.0186546632704783
27,84,0.0128392680813047
28,84,0.0214246116276225
29,84,0
30,84,0
31,84,0
32,84,0
33,84,0.0042364930558783
34,84,0
35,84,0
36,84,0.00795409307761544
37,84,0.00410310867004978
38,84,0
39,84,0
40,84,0
41,84,0.00599198266593378
42,84,0.00398215166476036
43,84,0.00621288952446099
44,84,0
45,84,0
46,84,0.00100325492398245
47,84,0.00605085219261256
48,84,0.0140699703364135
49,84,0.00409588115972903
50,84,0.0124256605628425
1,85,0
2,85,0.00719193308834337
3,85,0
4,85,0
5,85,0
6,85,0.00868314871993772
7,85,0.00123226096167826
8,85,0
9,85,0
10,85,0.000516729147141518
11,85,0
12,85,0.0254851038699982
13,85,0.00789045173427439
14,85,0.0259185201809509
15,85,0.00715462937624399
16,85,0
17,85,0
18,85,0.00073257088473778
19,85,0
20,85,0
21,85,0.0173671643157834
22,85,0
23,85,0.0101292581941578
24,85,0
25,85,0
26,85,0
27,85,0
28,85,0
29,85,0.0255267065732336
30,85,0.0217484950288839
31,85,0.00938426510579418
32,85,0.00705730166683387
33,85,0
34,85,0.0121852149907703
35,85,0.0115937415026147
36,85,0
37,85,0
38,85,0.00856936682550959
39,85,0.00893511305951165
40,85,0.00708422912943245
41,85,0
42,85,0
43,85,0
44,85,0.00709817788244964
45,85,0.00716159464213386
46,85,0.00155253330808354
47,85,0
48,85,0
49,85,0
50,85,0
1,86,0.00906147399645331
2,86,0
3,86,0.0035
4,86,0.00749560756784556
5,86,0.0224051341750743
6,86,0
7,86,0.00385670443362382
8,86,0.0136057255117796
9,86,0.00610052386010289
10,86,0.00381434789216967
11,86,0.0140193324406281
12,86,0
13,86,0
14,86,0
15,86,0
16,86,0.014987777520658
17,86,0.00777374039924531
18,86,0.0036405023072364
19,86,0.00503927977843558
20,86,0.00784506492709953
21,86,0
22,86,0.00998639376364421
23,86,0
24,86,0.00801923180936967
25,86,0.00370309278350516
26,86,0.0114973075974677
27,86,0.0092329921679745
28,86,0.00714920527373676
29,86,0
30,86,0
31,86,0
32,86,0
33,86,0.0177393198770157
34,86,0
35,86,0
36,86,0.0101410485931979
37,86,0.0157909175824957
38,86,0
39,86,0
40,86,0
41,86,0.00642736868213134
42,86,0.00877571984161686
43,86,0.0269506341305365
44,86,0
45,86,0
46,86,0.00382087559816055
47,86,0.0130813100869177
48,86,0.0112302726886773
49,86,0.0168311470350546
50,86,0.00415218698640371
1,87,0.0031
2,87,0
3,87,0.0123164918085647
4,87,0.0031
5,87,0.00448453999093163
6,87,0
7,87,0
8,87,0.00819317987471852
9,87,0.0031
10,87,0.00208888361367336
11,87,0.00595918655972889
12,87,0
13,87,0
14,87,0
15,87,0
16,87,0.00361122505023214
17,87,0.0102476851533003
18,87,0.000733552631578947
19,87,0.00311016285302
20,87,0.00803954117167118
21,87,0
22,87,0.00361335725677831
23,87,0
24,87,0.00786948127996036
25,87,0.010183479925285
26,87,0.00730990593996275
27,87,0.0144782555496266
28,87,0.0107149864420272
29,87,0
30,87,0
31,87,0
32,87,0
33,87,0.00361293386773043
34,87,0
35,87,0
36,87,0.00404567534076548
37,87,0.00364658693091934
38,87,0
39,87,0
40,87,0
41,87,0.00361902492355524
42,87,0.0031
43,87,0.00417389975431213
44,87,0
45,87,0
46,87,0
47,87,0.00419854584000932
48,87,0.00702461106850065
49,87,0.00364473576468462
50,87,0.0111978928779211
1,88,0.0054186761782017
2,88,0
3,88,0.0038
4,88,0.00506235655124415
5,88,0.00812120151868038
6,88,0
7,88,0.00343170443362382
8,88,0.0103809323005144
9,88,0.00458547094949619
10,88,0.00337426880729465
11,88,0.0154542300773633
12,88,0
13,88,0
14,88,0
15,88,0
16,88,0.0075525542490064
17,88,0.0186960543250255
18,88,0.0034405023072364
19,88,0.00445524343839664
20,88,0.0240341409655356
21,88,0
22,88,0.0118239245553346
23,88,0
24,88,0.0274861699224169
25,88,0.0038
26,88,0.0130220710204898
27,88,0.0190345622808559
28,88,0.0120018976413075
29,88,0
30,88,0
31,88,0
32,88,0
33,88,0.00528353372951744
34,88,0
35,88,0
36,88,0.0137438676380155
37,88,0.00582107134919258
38,88,0
39,88,0
40,88,0
41,88,0.0117063412397695
42,88,0.00521635215215778
43,88,0.00753272054668035
44,88,0
45,88,0
46,88,0.00362087559816055
47,88,0.0154541867229522
48,88,0.0267745533632581
49,88,0.00514824822999891
50,88,0.00587238520605392
1,89,0.0110195864564683
2,89,0.0004
3,89,0
4,89,0.013764708727795
5,89,0.00570998906665266
6,89,0.0004
7,89,0.0162388736123564
8,89,0.00328181818181818
9,89,0.0101021929466102
10,89,0.0251757205407847
11,89,0.00375236175115208
12,89,0.0003
13,89,0.0003
14,89,0.0004
15,89,0.0003
16,89,0.00743256775773645
17,89,0.0031
18,89,0.0175128910882521
19,89,0.018734729362186
20,89,0.00327543859649123
21,89,0.0004
22,89,0.00592460117872628
23,89,0.0004
24,89,0.00326949152542373
25,89,0.0001
26,89,0.00345759897828864
27,89,0.0031
28,89,0.0031
29,89,0.0003
30,89,0.0004
31,89,0
32,89,0.0003
33,89,0.00853273695071575
34,89,0.0004
35,89,0.0002
36,89,0.00502667565001713
37,89,0.00889090508904494
38,89,0.0004
39,89,0.0003
40,89,0.0003
41,89,0.0064737135659378
42,89,0.0113270456100469
43,89,0.0058502395373355
44,89,0.0003
45,89,0.0004
46,89,0.0125173376572849
47,89,0.00560658326805348
48,89,0.00343908045977012
49,89,0.00941895205699108
50,89,0.0024
1,90,0.0054186761782017
2,90,0
3,90,0.00400309278350516
4,90,0.00477250147878039
5,90,0.00937411150676557
6,90,0
7,90,0.00343170443362382
8,90,0.0134120003750238
9,90,0.00458547094949619
10,90,0.00337426880729465
11,90,0.020386241478415
12,90,0
13,90,0
14,90,0
15,90,0
16,90,0.0093714971446502
17,90,0.0186960543250255
18,90,0.0033405023072364
19,90,0.00445524343839664
20,90,0.0207008076322023
21,90,0
22,90,0.011672560181834
23,90,0
24,90,0.0227242651605122
25,90,0.00420309278350516
26,90,0.0166951238418986
27,90,0.0183468500567472
28,90,0.0124858525488478
29,90,0
30,90,0
31,90,0
32,90,0
33,90,0.00616574928498527
34,90,0
35,90,0
36,90,0.0123642349482324
37,90,0.00675684100589247
38,90,0
39,90,0
40,90,0
41,90,0.00981065051934505
42,90,0.00542043378481084
43,90,0.00950199412699449
44,90,0
45,90,0
46,90,0.00349587559816055
47,90,0.0159659249846905
48,90,0.0317745533632581
49,90,0.00582169784240201
50,90,0.00630716781474958
1,91,0.0173086934119145
2,91,0
3,91,0.0031
4,91,0.0108915103575378
5,91,0.0131844309624732
6,91,0
7,91,0.00674315342118366
8,91,0.0040882707628506
9,91,0.0239212842408094
10,91,0.0104230435961084
11,91,0.00471670741084284
12,91,0
13,91,0
14,91,0
15,91,0
16,91,0.00747964137914387
17,91,0.0032
18,91,0.0094952964465453
19,91,0.010790910673866
20,91,0.00388156104547082
21,91,0
22,91,0.00729481820782283
23,91,0
24,91,0.00408837993185013
25,91,0.0031
26,91,0.0040679731279485
27,91,0.00371037414965987
28,91,0.0031
29,91,0
30,91,0
31,91,0
32,91,0
33,91,0.0115110892070557
34,91,0
35,91,0
36,91,0.0096614803065573
37,91,0.00974942692216897
38,91,0
39,91,0
40,91,0
41,91,0.00700601688274475
42,91,0.00726422799974593
43,91,0.00953813482353711
44,91,0
45,91,0
46,91,0.00831768958103598
47,91,0.0100341961590575
48,91,0.00438154980197956
49,91,0.0133045167287822
50,91,0.0031
1,92,0.0192720326870184
2,92,0.0001
3,92,0.0028
4,92,0.0175481656999316
5,92,0.0152592047421883
6,92,0
7,92,0.00813686710859046
8,92,0.00423319829908248
9,92,0.0132589716925682
10,92,0.0113807137994683
11,92,0.00553459847500256
12,92,0
13,92,0
14,92,0
15,92,0
16,92,0.0165481250049111
17,92,0.00350204081632653
18,92,0.00830136702070799
19,92,0.01222835231719
20,92,0.00402861986900023
21,92,0
22,92,0.00890618460452484
23,92,0
24,92,0.00423543875537954
25,92,0.0031
26,92,0.00421290066418038
27,92,0.00371037414965987
28,92,0.0031
29,92,0
30,92,0
31,92,0
32,92,0
33,92,0.0213034224411182
34,92,0
35,92,0
36,92,0.00774983578171826
37,92,0.0210646103929532
38,92,0
39,92,0
40,92,0
41,92,0.00625630032945676
42,92,0.0139347227643206
43,92,0.0161522249373905
44,92,0
45,92,0
46,92,0.00646443766662926
47,92,0.0100486742735356
48,92,0.00438154980197956
49,92,0.024904920483828
50,92,0.0031
1,93,0.0085177182646205
2,93,0
3,93,0.0031
4,93,0.0103201585415051
5,93,0.00551095663871774
6,93,0
7,93,0.00494521539530207
8,93,0.00450007705482656
9,93,0.00823239881804764
10,93,0.00565978287216373
11,93,0.00826090908090923
12,93,0
13,93,0
14,93,0
15,93,0
16,93,0.00952974351509565
17,93,0.00482286265139
18,93,0.00547667519501409
19,93,0.0100375139586116
20,93,0.00759263822493621
21,93,0
22,93,0.016564495201238
23,93,0
24,93,0.0079135008095408
25,93,0.0031
26,93,0.00626513790592355
27,93,0.00410031342298095
28,93,0.0036
29,93,0
30,93,0
31,93,0
32,93,0
33,93,0.00615786726310669
34,93,0
35,93,0
36,93,0.0128937231501575
37,93,0.0074674661154211
38,93,0
39,93,0
40,93,0
41,93,0.0256409706945774
42,93,0.0105655457354937
43,93,0.00604176310706115
44,93,0
45,93,0
46,93,0.00452807126618097
47,93,0.0106522206733745
48,93,0.00743502872837926
49,93,0.00635107957263288
50,93,0.0031
1,94,0.00989119394346844
2,94,0
3,94,0.0031
4,94,0.0107693906569711
5,94,0.00893694175707242
6,94,0
7,94,0.00415670443362382
8,94,0.0067845674982979
9,94,0.00734829382662332
10,94,0.00433304692717305
11,94,0.013409422503562
12,94,0
13,94,0
14,94,0
15,94,0
16,94,0.0139038827096645
17,94,0.00836519576584588
18,94,0.00407307319197418
19,94,0.00837577680049868
20,94,0.00945789653993114
21,94,0
22,94,0.0277016348074179
23,94,0
24,94,0.0100009581138493
25,94,0.0031
26,94,0.00915037169209103
27,94,0.00631608791728805
28,94,0.00483262095226113
29,94,0
30,94,0
31,94,0
32,94,0
33,94,0.00703099227052106
34,94,0
35,94,0
36,94,0.0147173078471942
37,94,0.00978644706743449
38,94,0
39,94,0
40,94,0
41,94,0.0227318797854865
42,94,0.0126971588869381
43,94,0.00966475263781608
44,94,0
45,94,0
46,94,0.00422087559816055
47,94,0.0180660609598265
48,94,0.0140282687382971
49,94,0.00785670198204868
50,94,0.0035
1,95,0
2,95,0.0184702602249341
3,95,0
4,95,0
5,95,0
6,95,0.0240486900685133
7,95,0.00186799664234333
8,95,0
9,95,0
10,95,0.00105083688501638
11,95,0
12,95,0.00824219313676497
13,95,0.0184603638640538
14,95,0.00861950569706001
15,95,0.0125858257084414
16,95,0
17,95,0
18,95,0.00139776591431637
19,95,0.000131578947368421
20,95,0
21,95,0.00825171526737356
22,95,0
23,95,0.01262969736851
24,95,0
25,95,0
26,95,0
27,95,0
28,95,0
29,95,0.00786554136805017
30,95,0.00868695622384796
31,95,0.00736045558198465
32,95,0.00831075788803203
33,95,0
34,95,0.00927800695511205
35,95,0.00713065053145924
36,95,0
37,95,0
38,95,0.0188612737128066
39,95,0.011605446676339
40,95,0.00967562697889482
41,95,0
42,95,0
43,95,0
44,95,0.0103454897104066
45,95,0.019208540425517
46,95,0.00208601083752357
47,95,0
48,95,0
49,95,0
50,95,0
1,96,0.0118982772268391
2,96,0.0004
3,96,0.0001
4,96,0.0146659692319966
5,96,0.00802835576414314
6,96,0.0004
7,96,0.013940619993335
8,96,0.00347789661319073
9,96,0.0109673575303102
10,96,0.0232752876403518
11,96,0.00436111062667463
12,96,0.0002
13,96,0.0003
14,96,0.0003
15,96,0.0003
16,96,0.00838585677929254
17,96,0.0031
18,96,0.0129609245449063
19,96,0.0143615714033503
20,96,0.00327543859649123
21,96,0.0003
22,96,0.00610641936054446
23,96,0.0003
24,96,0.00326949152542373
25,96,0.0006
26,96,0.00345759897828864
27,96,0.0031
28,96,0.0031
29,96,0.0003
30,96,0.0003
31,96,0
32,96,0.0002
33,96,0.0114291885369197
34,96,0.0003
35,96,0.0001
36,96,0.00577092811231387
37,96,0.0115447176414938
38,96,0.0003
39,96,0.0002
40,96,0.0002
41,96,0.00550974343506977
42,96,0.0111144605760333
43,96,0.00871129972224549
44,96,0.0002
45,96,0.0003
46,96,0.00946522637230642
47,96,0.00616139185815619
48,96,0.0036242656449553
49,96,0.0128963955378418
50,96,0.0027
1,97,0.00646726763104968
2,97,0.0002
3,97,0.0003
4,97,0.00685847186249959
5,97,0.00355694603903559
6,97,0.0003
7,97,0.00824414816328412
8,97,0.0031
9,97,0.00660158530827174
10,97,0.00789265003687393
11,97,0.00357379032258065
12,97,0.0002
13,97,0.0001
14,97,0.0003
15,97,0.0002
16,97,0.00410270404895752
17,97,0.0031
18,97,0.00908215130459245
19,97,0.00851007792895577
20,97,0.00327543859649123
21,97,0.0003
22,97,0.00515914558926689
23,97,0.0004
24,97,0.00326949152542373
25,97,0.0003
26,97,0.0031
27,97,0.0031
28,97,0.0031
29,97,0.0003
30,97,0.0003
31,97,0
32,97,0
33,97,0.00415016722408027
34,97,0.0003
35,97,0.0001
36,97,0.00428838942643679
37,97,0.00444894091415831
38,97,0.0002
39,97,0.0001
40,97,0.0001
41,97,0.00820474328874353
42,97,0.00586660127571769
43,97,0.00355261984392419
44,97,0.0001
45,97,0.0001
46,97,0.00930810508087964
47,97,0.00397192842397505
48,97,0.00326666666666667
49,97,0.004141248606466
50,97,0.0031
1,98,0
2,98,0.0166669396629928
3,98,0
4,98,0
5,98,0
6,98,0.00951238490829515
7,98,0.000701010101010101
8,98,0
9,98,0
10,98,0.0003
11,98,0
12,98,0.00718036517977573
13,98,0.013848735154599
14,98,0.00721720154959457
15,98,0.00943494083341862
16,98,0
17,98,0
18,98,0.0004
19,98,0
20,98,0
21,98,0.00724941111990812
22,98,0
23,98,0.00758894792970963
24,98,0
25,98,0
26,98,0
27,98,0
28,98,0
29,98,0.00722038007772759
30,98,0.00726798540971585
31,98,0.00736045558198465
32,98,0.0173898064380483
33,98,0
34,98,0.00721641882956397
35,98,0.00713065053145924
36,98,0
37,98,0
38,98,0.00847378737509143
39,98,0.00811351381049304
40,98,0.0142863252140067
41,98,0
42,98,0
43,98,0
44,98,0.0171278833946333
45,98,0.0124029730568692
46,98,0.0006
47,98,0
48,98,0
49,98,0
50,98,0
1,99,0.00999990130642265
2,99,0.0005
3,99,0
4,99,0.0103631214262076
5,99,0.00570998906665266
6,99,0.0005
7,99,0.0136961364582062
8,99,0.0031
9,99,0.0106021929466102
10,99,0.0307514781165422
11,99,0.00357379032258065
12,99,0.0004
13,99,0.0004
14,99,0.0004
15,99,0.0004
16,99,0.00566947471035009
17,99,0.0031
18,99,0.0234440242825432
19,99,0.0135096708243585
20,99,0.0031
21,99,0.0004
22,99,0.00512812095616247
23,99,0.0005
24,99,0.00326949152542373
25,99,0
26,99,0.00327241379310345
27,99,0.0031
28,99,0.0031
29,99,0.0004
30,99,0.0004
31,99,0.0001
32,99,0.0003
33,99,0.00876652995858104
34,99,0.0004
35,99,0.0003
36,99,0.00454568625332125
37,99,0.00867813913159813
38,99,0.0004
39,99,0.0003
40,99,0.0003
41,99,0.00516928994008597
42,99,0.00867335348703428
43,99,0.00549608799699427
44,99,0.0003
45,99,0.0004
46,99,0.0152681274080746
47,99,0.00473903923047454
48,99,0.00343908045977012
49,99,0.0091411742792133
50,99,0.0013
1,100,0.00371984840472413
2,100,0
3,100,0.00850191079309472
4,100,0.0031
5,100,0.00519020192321542
6,100,0
7,100,0.000213909860443834
8,100,0.0120162383472924
9,100,0.0031
10,100,0.00283470836773421
11,100,0.0078877524981875
12,100,0
13,100,0
14,100,0
15,100,0
16,100,0.00409253585412359
17,100,0.0136821987361699
18,100,0.00244139980613854
19,100,0.00311016285302
20,100,0.0125453069381459
21,100,0
22,100,0.00409466806066976
23,100,0
24,100,0.012422145763916
25,100,0.00858656269863408
26,100,0.0122849299929076
27,100,0.0140063980646112
28,100,0.0200998253028362
29,100,0
30,100,0
31,100,0
32,100,0
33,100,0.00377422419031108
34,100,0
35,100,0
36,100,0.00519339259794863
37,100,0.00364658693091934
38,100,0
39,100,0
40,100,0
41,100,0.00394168950851491
42,100,0.00369229659229659
43,100,0.00465777072205406
44,100,0
45,100,0
46,100,0.000321436742164264
47,100,0.00468523298798679
48,100,0.0102114312489438
49,100,0.00380602608726526
50,100,0.0144393458693741
