-11.700,8.827,9.247
-11.956,8.450,7.858
-12.511,9.655,7.129
-13.527,10.173,7.584
-12.396,9.510,9.502
-11.784,8.021,9.866
-10.763,9.232,9.280
-11.039,8.105,7.400
-12.705,7.661,7.822
-11.857,10.111,6.057
-12.364,11.175,5.203
-11.575,11.176,3.893
-10.344,11.221,3.904
-12.281,12.544,5.890
-13.097,13.585,5.136
-13.065,13.540,3.887
-13.736,14.405,5.822
-10.995,9.670,5.763
-13.414,10.954,5.000
-12.689,12.488,6.898
-11.245,12.876,5.942
-12.287,11.096,2.769
-11.707,11.147,1.438
-10.970,12.472,1.222
-9.904,12.486,0.611
-12.809,10.916,0.387
-13.861,12.034,0.362
-12.223,10.777,-1.021
-13.289,11.170,2.858
-10.982,10.336,1.354
-13.316,9.979,0.629
-14.263,12.212,1.359
-13.423,12.956,-0.021
-14.680,11.742,-0.294
-11.541,9.931,-1.057
-13.034,10.607,-1.727
-11.689,11.682,-1.311
-11.538,13.582,1.702
-11.037,14.920,1.463
-9.682,15.052,2.144
-8.683,15.391,1.513
-12.055,15.940,1.996
-11.672,17.361,1.582
-12.643,18.385,2.152
-13.709,18.558,1.526
-12.292,18.973,3.198
-12.314,13.504,2.361
-10.919,15.067,0.388
-13.045,15.724,1.592
-12.119,15.892,3.085
-10.673,17.596,1.946
-11.685,17.433,0.496
-9.642,14.734,3.439
-8.405,14.764,4.197
-7.418,13.756,3.600
-6.251,14.074,3.364
-8.699,14.494,5.682
-7.809,15.360,6.579
-8.038,14.989,8.052
-7.385,15.997,9.010
-8.114,17.284,9.054
-10.504,14.440,3.881
-7.987,15.767,4.091
-9.735,14.758,5.902
-8.556,13.436,5.909
-6.761,15.204,6.314
-8.071,16.402,6.392
-9.109,14.916,8.257
-7.606,13.999,8.221
-7.381,15.568,10.014
-6.350,16.169,8.708
-9.065,17.135,9.365
-7.659,17.916,9.699
-8.135,17.714,8.141
-7.894,12.535,3.341
-7.060,11.462,2.829
-6.438,11.797,1.468
-5.325,11.354,1.176
-8.870,12.322,3.540
-6.270,11.286,3.554
-7.653,10.555,2.760
-7.135,12.590,0.644
-6.690,13.037,-0.672
-5.205,13.408,-0.691
-4.498,13.073,-1.641
-7.563,14.214,-1.148
-7.370,14.555,-2.635
-8.148,13.609,-3.568
-9.332,14.332,-4.230
-10.077,13.460,-5.166
-8.079,12.848,0.920
-6.827,12.213,-1.362
-8.621,14.006,-0.970
-7.289,15.092,-0.564
-7.705,15.582,-2.787
-6.309,14.515,-2.885
-7.460,13.254,-4.338
-8.510,12.752,-2.997
-10.014,14.687,-3.453
-8.960,15.196,-4.786
-9.471,13.129,-5.904
-10.467,12.666,-4.677
-10.836,13.980,-5.586
-4.740,14.128,0.335
-3.391,14.675,0.379
-2.492,13.926,1.381
-1.318,14.267,1.507
-3.496,16.182,0.663
-2.254,16.998,0.260
-2.404,17.757,-1.071
-2.554,16.819,-2.278
-2.465,17.540,-3.567
-5.368,14.328,1.106
-2.934,14.583,-0.602
-4.356,16.582,0.124
-3.681,16.311,1.730
-2.089,17.742,1.042
-1.371,16.362,0.222
-3.266,18.426,-1.004
-1.508,18.369,-1.195
-1.754,16.082,-2.244
-3.512,16.299,-2.223
-3.191,18.240,-3.633
-1.564,17.989,-3.658
-2.574,16.887,-4.332
-2.999,12.900,2.077
-2.271,12.191,3.112
-1.469,11.086,2.451
-0.281,10.949,2.727
-3.216,11.671,4.219
-2.412,11.642,5.528
-3.820,10.279,3.963
-3.194,10.992,6.665
-3.861,12.475,1.794
-1.569,12.893,3.564
-4.048,12.371,4.335
-1.483,11.087,5.388
-2.169,12.666,5.816
-4.277,10.211,2.983
-3.044,9.523,4.038
-4.597,10.057,4.694
-4.201,11.411,6.684
-3.238,9.913,6.509
-2.687,11.191,7.607
-2.116,10.327,1.554
-1.450,9.282,0.797
-0.190,9.872,0.184
0.919,9.422,0.454
-2.377,8.724,-0.295
-1.637,7.988,-1.400
-0.767,6.939,-1.062
-1.605,8.509,-2.708
0.139,6.438,-2.010
-0.677,8.026,-3.645
0.183,6.978,-3.300
-3.095,10.515,1.369
-1.159,8.477,1.473
-3.096,8.044,0.163
-2.929,9.554,-0.737
-0.712,6.595,-0.044
-2.273,9.299,-3.007
0.862,5.693,-1.736
-0.627,8.446,-4.639
0.905,6.616,-4.011
-0.358,10.912,-0.628
0.729,11.359,-1.444
1.857,11.937,-0.597
3.009,11.543,-0.760
0.203,12.315,-2.509
-0.869,11.680,-3.401
-0.325,13.627,-1.964
-1.263,11.305,-0.825
1.111,10.463,-1.928
1.058,12.569,-3.097
-0.503,10.736,-3.796
-1.784,11.511,-2.833
-1.093,12.338,-4.240
-1.068,13.427,-1.199
0.504,14.207,-1.564
-0.765,14.168,-2.796
1.531,12.834,0.337
2.537,13.352,1.254
3.224,12.219,2.007
4.420,12.318,2.275
1.964,14.369,2.246
1.705,15.732,1.591
1.539,16.848,2.623
1.975,16.734,3.763
0.920,17.958,2.233
0.567,13.124,0.416
3.311,13.847,0.664
1.055,13.985,2.713
2.719,14.502,3.023
2.552,15.998,0.957
0.814,15.663,0.969
0.582,18.060,1.291
0.844,18.710,2.901
2.498,11.152,2.364
3.176,10.032,3.002
4.084,9.284,2.026
5.166,8.858,2.431
2.183,9.092,3.705
1.572,9.719,4.968
2.580,9.790,6.128
1.992,10.527,7.342
3.009,11.357,8.021
1.500,11.081,2.131
3.855,10.431,3.752
1.385,8.834,3.009
2.697,8.171,3.985
1.217,10.719,4.718
0.715,9.114,5.269
2.879,8.778,6.411
3.474,10.314,5.796
1.176,11.177,7.023
1.592,9.798,8.048
3.789,10.786,8.318
3.346,12.071,7.387
2.606,11.809,8.830
3.640,9.067,0.782
4.152,7.951,-0.005
3.786,7.975,-1.492
3.833,6.945,-2.163
3.762,6.654,0.662
2.014,6.508,1.152
2.750,9.473,0.509
5.242,8.004,0.011
4.019,5.834,-0.003
4.357,6.587,1.570
3.537,9.149,-2.074
3.353,9.209,-3.519
4.642,8.901,-4.272
4.597,8.367,-5.373
2.841,10.547,-4.005
3.538,9.997,-1.521
2.560,8.516,-3.780
3.308,11.360,-3.454
3.073,10.625,-5.067
1.763,10.532,-3.911
5.800,9.300,-3.738
7.030,9.273,-4.508
7.293,7.889,-5.116
7.854,7.817,-6.213
8.200,9.770,-3.646
9.530,9.826,-4.411
9.510,10.824,-5.567
10.043,11.922,-5.463
8.890,10.472,-6.694
5.815,9.754,-2.841
6.862,9.977,-5.321
7.973,10.768,-3.269
8.322,9.095,-2.797
10.318,10.119,-3.716
9.755,8.829,-4.775
8.419,9.566,-6.718
8.599,11.238,-7.282
6.885,6.834,-4.399
6.975,5.445,-4.821
5.721,4.982,-5.564
5.837,4.075,-6.383
7.255,4.537,-3.640
8.689,5.038,-2.636
6.426,7.009,-3.517
7.777,5.317,-5.540
6.376,4.494,-2.996
7.451,3.541,-4.036
4.543,5.556,-5.287
3.258,4.934,-5.611
2.268,5.890,-6.275
2.291,7.102,-6.080
2.607,4.387,-4.335
3.155,3.077,-3.841
2.776,1.835,-4.301
3.736,2.898,-2.617
3.116,0.932,-3.366
3.707,1.534,-2.321
4.538,6.469,-4.838
3.407,4.099,-6.298
2.698,5.131,-3.545
1.542,4.232,-4.512
2.214,1.650,-5.126
4.019,3.687,-1.934
2.859,-0.119,-3.417
1.322,5.300,-7.000
0.279,5.961,-7.750
-1.068,5.371,-7.305
-1.092,4.240,-6.821
0.560,5.599,-9.204
1.943,5.510,-9.491
-0.081,6.494,-10.228
1.381,4.311,-7.177
0.308,7.039,-7.621
0.121,4.635,-9.353
2.058,5.404,-10.444
-1.116,6.700,-9.988
0.472,7.424,-10.271
-0.011,5.926,-11.155
-2.179,6.093,-7.495
-3.528,5.593,-7.242
-4.342,5.408,-8.531
-5.441,4.861,-8.484
-4.247,6.540,-6.270
-3.443,6.729,-4.987
-4.588,7.908,-6.880
-2.112,7.046,-7.802
-3.488,4.615,-6.762
-5.168,6.061,-5.967
-2.935,5.807,-4.704
-2.715,7.519,-5.145
-4.121,7.016,-4.187
-5.189,7.796,-7.782
-5.171,8.480,-6.162
-3.680,8.461,-7.122
-3.835,5.905,-9.666
-4.500,5.846,-10.960
-3.477,5.999,-12.096
-3.355,5.109,-12.936
-5.591,6.929,-11.056
-6.552,6.636,-12.220
-7.321,7.861,-12.693
-7.269,8.897,-12.001
-7.883,7.765,-13.808
-2.894,6.249,-9.645
-4.975,4.867,-11.054
-6.184,6.961,-10.140
-5.129,7.908,-11.191
-5.999,6.253,-13.075
-7.269,5.878,-11.906
-2.774,7.140,-12.150
-2.009,7.599,-13.310
-0.860,8.515,-12.879
-0.785,8.945,-11.728
-2.944,8.417,-14.217
-3.746,7.576,-15.216
-5.042,8.335,-15.520
-5.945,7.587,-16.508
-7.351,8.017,-16.363
-2.881,7.810,-11.402
-1.588,6.753,-13.856
-3.618,8.976,-13.566
-2.383,9.148,-14.799
-3.159,7.426,-16.125
-3.993,6.604,-14.792
-5.565,8.449,-14.571
-4.808,9.332,-15.899
-5.595,7.768,-17.525
-5.898,6.516,-16.305
-7.444,9.012,-16.487
-7.953,7.528,-17.005
-7.663,7.807,-15.414
0.008,8.867,-13.833
1.015,9.908,-13.674
2.253,9.376,-12.962
3.346,9.373,-13.528
-0.097,8.457,-14.749
1.297,10.268,-14.665
0.603,10.746,-13.109
2.076,8.924,-11.721
3.116,8.246,-10.963
3.488,6.932,-11.653
2.609,6.184,-12.084
1.131,8.953,-11.351
3.989,8.896,-10.899
2.764,8.039,-9.953
4.790,6.667,-11.777
5.348,5.567,-12.555
5.909,4.515,-11.601
6.111,4.793,-10.419
6.449,6.127,-13.471
5.869,7.156,-14.454
6.945,8.067,-15.062
6.297,9.401,-15.474
7.265,10.327,-16.106
5.444,7.252,-11.282
4.579,5.102,-13.174
7.202,6.597,-12.838
6.923,5.320,-14.032
5.321,6.638,-15.244
5.161,7.786,-13.925
7.725,8.248,-14.320
7.391,7.565,-15.926
5.486,9.184,-16.176
5.862,9.878,-14.590
7.753,10.259,-15.224
7.509,11.293,-15.935
6.425,10.830,-16.359
6.198,3.322,-12.126
6.767,2.212,-11.374
8.228,2.495,-11.001
9.143,1.842,-11.496
6.598,0.925,-12.197
5.168,0.441,-12.215
4.548,-0.235,-11.192
4.212,0.723,-13.154
3.251,-0.373,-11.511
2.990,0.226,-12.684
6.023,3.173,-13.108
6.213,2.088,-10.441
6.948,1.085,-13.218
7.212,0.138,-11.761
4.979,-0.537,-10.332
4.360,1.285,-14.065
2.519,-0.840,-10.861
8.445,3.469,-10.113
9.755,3.804,-9.579
10.146,2.765,-8.539
11.166,2.086,-8.653
9.706,5.184,-8.907
9.952,6.328,-9.890
9.858,7.649,-9.113
10.581,8.781,-9.853
10.530,10.045,-9.092
7.632,3.964,-9.754
10.505,3.802,-10.371
8.746,5.326,-8.405
10.495,5.225,-8.153
10.951,6.203,-10.313
9.214,6.297,-10.694
8.802,7.885,-8.958
10.323,7.517,-8.133
11.628,8.502,-9.993
10.125,8.924,-10.835
10.910,9.920,-8.162
11.054,10.767,-9.566
9.571,10.343,-8.989
9.369,2.708,-7.459
9.674,1.865,-6.317
8.384,1.489,-5.595
8.442,1.099,-4.442
10.692,2.569,-5.392
11.716,3.176,-6.159
11.393,1.614,-4.414
8.580,3.335,-7.390
10.114,0.932,-6.675
10.184,3.350,-4.822
11.868,2.642,-6.949
11.901,0.825,-4.964
12.129,2.177,-3.839
10.691,1.164,-3.712
7.222,1.557,-6.243
5.982,1.091,-5.687
5.016,1.016,-6.856
5.145,1.773,-7.820
7.084,1.963,-7.158
6.137,0.106,-5.264
5.620,1.775,-4.922
4.117,0.035,-6.854
3.177,-0.138,-7.935
1.969,0.779,-7.788
1.542,1.121,-6.688
2.786,-1.612,-7.916
2.960,-1.945,-6.443
4.176,-1.148,-6.028
3.675,0.088,-8.867
1.770,-1.793,-8.271
3.505,-2.185,-8.495
2.111,-1.543,-5.908
3.116,-2.999,-6.263
4.168,-0.949,-4.961
5.069,-1.713,-6.280
1.429,1.164,-8.938
0.207,1.943,-9.072
-1.023,1.172,-8.573
-1.491,0.234,-9.219
0.077,2.394,-10.536
-1.246,3.072,-10.879
-1.975,3.540,-10.009
-1.534,3.172,-12.172
1.958,0.930,-9.760
0.337,2.806,-8.428
0.906,3.058,-10.781
0.167,1.539,-11.188
-0.909,2.791,-12.865
-2.365,3.681,-12.460
-1.552,1.583,-7.419
-2.606,0.913,-6.671
-3.980,1.184,-7.296
-4.875,1.697,-6.630
-2.560,1.411,-5.213
-1.236,1.080,-4.496
-0.782,2.267,-3.640
-1.380,-0.165,-3.617
-1.170,2.425,-7.000
-2.428,-0.163,-6.675
-2.700,2.494,-5.228
-3.387,0.979,-4.649
-0.454,0.878,-5.223
-1.549,2.521,-2.909
0.142,2.018,-3.118
-0.600,3.129,-4.282
-1.671,-1.015,-4.232
-0.426,-0.388,-3.138
-2.133,0.007,-2.847
-4.184,0.803,-8.562
-5.439,1.083,-9.263
-6.573,0.106,-8.911
-7.629,0.136,-9.536
-5.197,1.179,-10.778
-5.148,-0.119,-11.558
-5.465,-0.238,-12.892
-4.880,-1.382,-11.091
-5.395,-1.539,-13.218
-5.056,-2.284,-12.152
-3.399,0.409,-9.071
-5.776,2.075,-8.952
-6.024,1.759,-11.192
-4.280,1.741,-10.961
-5.720,0.519,-13.511
-4.621,-1.649,-10.078
-5.599,-1.934,-14.202
-6.359,-0.790,-7.943
-7.299,-1.841,-7.587
-6.818,-2.512,-6.307
-5.897,-3.321,-6.376
-5.485,-0.762,-7.440
-8.315,-1.464,-7.467
-7.308,-2.582,-8.387
-7.407,-2.164,-5.157
-7.125,-2.807,-3.874
-8.372,-3.594,-3.438
-9.076,-4.118,-4.301
-6.604,-1.738,-2.883
-5.238,-2.084,-2.271
-4.133,-2.302,-3.314
-4.801,-0.942,-1.348
-8.144,-1.464,-5.170
-6.366,-3.574,-3.991
-6.516,-0.766,-3.366
-7.302,-1.584,-2.070
-5.347,-2.988,-1.677
-4.113,-1.464,-4.012
-3.171,-2.376,-2.808
-4.277,-3.226,-3.872
-5.595,-0.706,-0.640
-3.906,-1.240,-0.799
-4.581,-0.050,-1.935
-8.649,-3.691,-2.131
-9.969,-3.958,-1.575
-10.737,-5.060,-2.307
-11.833,-4.821,-2.809
-10.745,-2.635,-1.538
-10.014,-1.498,-0.850
-9.687,-1.589,0.516
-9.594,-0.382,-1.594
-8.888,-0.602,1.118
-8.777,0.591,-0.997
-8.435,0.492,0.361
-7.993,-3.321,-1.465
-9.833,-4.301,-0.555
-10.995,-2.350,-2.561
-11.676,-2.792,-1.012
-10.065,-2.406,1.109
-9.848,-0.290,-2.640
-8.619,-0.687,2.160
-8.406,1.406,-1.596
-7.872,1.286,0.830
-10.160,-6.261,-2.359
-10.677,-7.360,-3.168
-9.576,-7.914,-4.064
-9.437,-9.129,-4.207
-9.284,-6.399,-1.860
-11.048,-8.147,-2.512
-11.494,-7.035,-3.812
-8.781,-7.030,-4.677
-7.577,-7.471,-5.367
-6.587,-8.084,-4.377
-6.673,-7.860,-3.173
-6.943,-6.323,-6.157
-7.673,-6.103,-7.492
-6.664,-5.964,-8.640
-7.312,-6.160,-9.950
-6.964,-5.568,-11.106
-6.022,-4.619,-11.109
-7.560,-5.945,-12.244
-8.939,-6.036,-4.535
-7.846,-8.272,-6.057
-6.964,-5.418,-5.553
-5.896,-6.566,-6.343
-8.334,-6.943,-7.703
-8.287,-5.202,-7.423
-6.191,-4.989,-8.527
-5.895,-6.734,-8.552
-8.045,-6.856,-9.968
-5.543,-4.398,-10.254
-5.812,-4.003,-11.896
-8.254,-6.679,-12.244
-7.296,-5.536,-13.128
-5.674,-8.899,-4.905
-4.773,-9.728,-4.124
-3.597,-8.910,-3.589
-3.429,-7.757,-3.977
-4.272,-10.885,-5.000
-5.431,-11.741,-5.532
-4.902,-12.768,-6.540
-6.070,-13.533,-7.180
-5.613,-14.460,-8.237
-5.595,-8.944,-5.906
-5.336,-10.144,-3.297
-3.703,-10.469,-5.834
-3.607,-11.522,-4.414
-5.915,-12.244,-4.693
-6.167,-11.109,-6.028
-4.340,-12.237,-7.311
-4.228,-13.455,-6.023
-6.598,-14.096,-6.407
-6.768,-12.819,-7.622
-5.130,-13.952,-8.966
-4.988,-15.153,-7.850
-6.410,-14.932,-8.644
-2.781,-9.535,-2.736
-1.425,-9.136,-2.392
-0.514,-9.164,-3.638
-0.843,-8.538,-4.644
-0.982,-10.046,-1.236
-1.439,-11.360,-1.495
-1.612,-9.636,0.091
-3.087,-10.408,-2.307
-1.428,-8.118,-2.035
0.096,-10.010,-1.078
-0.771,-11.804,-2.039
-2.684,-9.475,-0.025
-1.431,-10.449,0.799
-1.150,-8.719,0.456
0.614,-9.888,-3.625
1.494,-9.948,-4.781
0.721,-10.358,-6.036
-0.068,-11.298,-5.972
0.892,-10.436,-2.825
1.959,-8.971,-4.919
2.274,-10.684,-4.591
0.961,-9.629,-7.138
0.360,-9.682,-8.480
0.182,-8.233,-8.968
-0.902,-7.819,-9.374
-0.966,-10.470,-8.543
-0.778,-11.998,-8.567
-0.844,-12.578,-9.973
-1.922,-12.912,-10.457
0.303,-12.722,-10.631
1.582,-8.850,-6.978
1.070,-10.156,-9.157
-1.593,-10.179,-7.699
-1.509,-10.204,-9.451
0.172,-12.291,-8.122
-1.582,-12.449,-7.985
1.177,-12.470,-10.197
0.281,-13.118,-11.558
1.265,-7.451,-8.922
1.245,-6.049,-9.316
1.274,-5.927,-10.847
1.976,-6.701,-11.499
2.452,-5.345,-8.696
2.145,-7.845,-8.634
0.344,-5.595,-8.904
3.363,-5.829,-9.043
2.464,-4.298,-8.996
2.404,-5.403,-7.608
0.543,-4.969,-11.440
0.477,-4.808,-12.883
1.787,-4.217,-13.412
2.015,-3.018,-13.293
-0.715,-3.875,-13.126
-0.759,-3.017,-11.861
-0.302,-3.989,-10.772
0.281,-5.765,-13.371
-0.605,-3.276,-14.031
-1.629,-4.469,-13.183
-0.039,-2.201,-11.949
-1.753,-2.612,-11.668
0.234,-3.447,-9.992
-1.174,-4.493,-10.351
2.644,-5.051,-14.009
3.865,-4.590,-14.658
4.803,-3.935,-13.646
5.155,-2.763,-13.768
2.443,-6.041,-14.002
4.372,-5.440,-15.115
3.614,-3.872,-15.440
5.204,-4.706,-12.635
6.068,-4.259,-11.559
6.874,-5.458,-11.068
6.574,-6.595,-11.434
5.199,-3.661,-10.449
5.949,-3.153,-9.231
6.738,-1.999,-9.336
5.991,-3.911,-8.048
7.518,-1.561,-8.255
6.842,-3.527,-6.999
7.592,-2.344,-7.093
4.942,-5.684,-12.616
6.763,-3.504,-11.932
4.613,-2.849,-10.874
4.503,-4.432,-10.149
6.806,-1.498,-10.278
5.420,-4.821,-7.956
8.095,-0.653,-8.337
6.901,-4.131,-6.109
8.226,-2.038,-6.277
7.878,-5.187,-10.237
8.886,-6.139,-9.806
8.968,-6.088,-8.281
9.872,-5.477,-7.713
10.220,-5.815,-10.500
9.997,-5.662,-11.889
11.246,-6.934,-10.295
7.936,-4.247,-9.878
8.590,-7.145,-10.101
10.621,-4.878,-10.109
10.832,-5.478,-12.326
10.859,-7.872,-10.694
12.174,-6.685,-10.811
11.460,-7.060,-9.233
7.987,-6.715,-7.631
7.965,-6.901,-6.186
8.984,-7.971,-5.783
9.429,-8.747,-6.629
6.547,-7.292,-5.733
5.875,-8.343,-6.603
6.341,-9.670,-6.604
4.954,-7.936,-7.584
5.951,-10.554,-7.625
4.605,-8.801,-8.636
5.115,-10.109,-8.660
4.823,-10.942,-9.699
7.308,-7.216,-8.182
8.245,-5.955,-5.723
6.590,-7.650,-4.705
5.933,-6.391,-5.734
7.067,-9.993,-5.876
4.590,-6.924,-7.577
6.375,-11.545,-7.669
4.013,-8.433,-9.461
4.405,-10.488,-10.434
9.325,-8.051,-4.495
10.140,-9.148,-3.992
9.276,-10.393,-3.789
8.060,-10.312,-3.576
10.843,-8.783,-2.677
9.909,-8.679,-1.626
11.670,-7.501,-2.777
8.935,-7.376,-3.838
10.918,-9.375,-4.724
11.526,-9.594,-2.419
9.227,-8.031,-1.861
12.428,-7.611,-3.553
11.033,-6.655,-3.022
12.160,-7.312,-1.821
9.926,-11.559,-3.778
9.265,-12.815,-3.484
8.569,-12.804,-2.116
7.655,-13.596,-1.894
10.231,-13.997,-3.637
10.599,-14.226,-5.097
11.305,-13.355,-5.643
10.122,-15.237,-5.666
10.886,-11.615,-4.097
8.512,-12.921,-4.256
11.136,-13.823,-3.055
9.748,-14.901,-3.265
8.955,-11.921,-1.189
8.256,-11.801,0.083
6.792,-11.417,-0.140
5.896,-12.094,0.365
8.966,-10.799,0.989
9.686,-11.257,-1.402
8.284,-12.771,0.582
9.994,-11.127,1.142
8.958,-9.807,0.538
8.461,-10.753,1.954
6.531,-10.357,-0.913
5.152,-9.986,-1.208
4.502,-11.057,-2.081
3.372,-11.455,-1.826
5.047,-8.601,-1.855
3.579,-8.189,-2.012
2.721,-8.589,-1.230
3.266,-7.380,-3.017
7.292,-9.848,-1.349
4.614,-9.946,-0.258
5.540,-7.868,-1.218
5.550,-8.614,-2.824
3.958,-7.033,-3.660
2.288,-7.085,-3.107
5.229,-11.558,-3.086
4.782,-12.655,-3.949
4.222,-13.834,-3.140
3.191,-14.398,-3.498
5.980,-13.118,-4.767
5.743,-14.094,-5.924
7.160,-14.470,-6.385
7.254,-15.585,-7.427
8.676,-15.862,-7.726
6.159,-11.176,-3.231
4.030,-12.278,-4.636
6.506,-12.244,-5.151
6.602,-13.646,-4.056
5.208,-14.977,-5.569
5.176,-13.615,-6.723
7.662,-13.575,-6.760
7.706,-14.823,-5.508
6.793,-16.486,-7.017
6.726,-15.298,-8.338
9.208,-15.918,-6.853
8.793,-16.720,-8.243
9.091,-15.094,-8.232
4.928,-14.234,-2.075
4.503,-15.319,-1.193
3.160,-14.995,-0.540
2.370,-15.897,-0.270
5.550,-15.593,-0.101
6.551,-16.671,-0.502
6.387,-17.836,-0.155
7.605,-16.304,-1.221
5.801,-13.758,-1.870
4.366,-16.226,-1.785
6.070,-14.677,0.179
5.039,-15.965,0.789
7.711,-15.332,-1.493
8.290,-16.995,-1.479
2.908,-13.719,-0.243
1.641,-13.296,0.315
0.591,-13.354,-0.799
0.782,-12.817,-1.890
1.802,-11.909,0.950
0.803,-11.630,2.083
1.298,-12.049,3.479
0.994,-13.509,3.847
1.304,-13.788,5.265
3.526,-12.994,-0.591
1.363,-14.007,1.089
2.815,-11.797,1.340
1.674,-11.159,0.170
0.672,-10.547,2.109
-0.167,-12.073,1.861
2.368,-11.849,3.565
0.784,-11.407,4.194
-0.065,-13.713,3.673
1.592,-14.183,3.233
0.763,-13.182,5.866
1.078,-14.750,5.482
2.287,-13.637,5.443
-0.528,-14.023,-0.526
-1.472,-14.471,-1.540
-2.871,-14.481,-0.948
-3.524,-15.519,-0.890
-0.720,-14.262,0.433
-1.465,-13.829,-2.421
-1.202,-15.482,-1.848
-3.310,-13.315,-0.479
-4.636,-13.098,0.084
-5.196,-11.815,-0.530
-4.508,-11.168,-1.317
-4.561,-13.017,1.619
-3.570,-11.932,2.063
-4.175,-14.370,2.232
-4.026,-11.233,3.337
-2.740,-12.488,-0.659
-5.308,-13.910,-0.195
-5.554,-12.765,1.994
-2.577,-12.359,2.207
-3.509,-11.154,1.308
-4.888,-15.133,1.917
-3.175,-14.668,1.915
-4.193,-14.301,3.319
-4.153,-11.951,4.147
-3.269,-10.499,3.607
-4.965,-10.714,3.145
-6.422,-11.433,-0.169
-6.990,-10.165,-0.601
-6.299,-9.041,0.169
-6.170,-9.129,1.388
-8.522,-10.163,-0.422
-9.100,-8.981,-0.943
-9.005,-10.348,1.022
-6.888,-11.933,0.571
-6.805,-10.041,-1.666
-8.921,-10.992,-1.011
-8.690,-8.201,-0.547
-8.625,-11.278,1.443
-8.685,-9.515,1.647
-10.094,-10.387,1.027
-5.905,-7.964,-0.513
-5.794,-6.690,0.170
-7.200,-6.214,0.507
-8.156,-6.465,-0.235
-5.072,-5.635,-0.670
-3.580,-5.682,-0.614
-2.749,-5.731,-1.677
-2.719,-5.654,0.565
-1.448,-5.837,-1.239
-1.368,-5.791,0.139
-2.942,-5.521,1.954
-0.299,-5.842,1.045
-1.876,-5.547,2.871
-0.558,-5.730,2.420
-6.034,-7.946,-1.518
-5.246,-6.839,1.099
-5.418,-5.695,-1.702
-5.349,-4.662,-0.266
-3.055,-5.731,-2.712
-0.666,-5.976,-1.887
-3.947,-5.378,2.317
0.713,-5.949,0.689
-2.070,-5.425,3.926
0.255,-5.773,3.126
-7.309,-5.537,1.645
-8.547,-5.069,2.215
-8.185,-4.166,3.385
-7.084,-4.289,3.915
-9.361,-6.264,2.701
-10.680,-6.427,1.946
-11.512,-7.303,2.875
-12.903,-7.731,2.426
-13.497,-8.530,3.520
-6.493,-5.391,2.227
-9.091,-4.490,1.477
-8.787,-7.191,2.642
-9.575,-6.093,3.751
-11.161,-5.456,1.826
-10.505,-6.894,0.976
-10.934,-8.191,3.141
-11.668,-6.696,3.766
-13.507,-6.840,2.238
-12.847,-8.321,1.508
-13.202,-8.147,4.426
-14.501,-8.570,3.455
-13.112,-9.462,3.509
-9.096,-3.273,3.777
-8.867,-2.295,4.831
-8.419,-2.967,6.135
-7.470,-2.518,6.772
-10.096,-1.385,4.969
-11.427,-2.106,5.221
-12.593,-1.266,4.718
-12.790,-0.123,5.189
-13.264,-1.710,3.761
-10.000,-3.272,3.335
-8.055,-1.653,4.498
-9.937,-0.669,5.775
-10.188,-0.823,4.039
-11.466,-3.064,4.708
-11.542,-2.282,6.290
-9.073,-4.076,6.486
-8.710,-4.958,7.591
-7.200,-5.280,7.601
-6.516,-5.050,8.596
-9.641,-6.202,7.635
-10.100,-6.804,6.284
-11.069,-7.985,6.427
-10.816,-8.823,7.312
-12.043,-8.048,5.634
-9.882,-4.297,5.934
-8.889,-4.400,8.511
-9.154,-6.983,8.222
-10.548,-5.917,8.170
-10.638,-6.063,5.702
-9.224,-7.153,5.738
-6.661,-5.784,6.492
-5.251,-6.135,6.335
-4.367,-4.884,6.276
-3.261,-4.859,6.816
-5.145,-6.936,5.027
-6.332,-7.680,4.818
-3.947,-7.885,4.993
-7.254,-5.966,5.692
-4.904,-6.731,7.189
-5.057,-6.239,4.193
-6.481,-8.243,5.582
-3.024,-7.337,5.178
-4.060,-8.667,5.744
-3.900,-8.342,4.003
-4.835,-3.840,5.593
-4.106,-2.604,5.468
-3.872,-1.991,6.844
-2.765,-1.542,7.074
-4.805,-1.672,4.475
-4.414,-2.019,3.028
-5.579,-1.815,2.057
-3.235,-1.151,2.577
-5.747,-3.866,5.168
-3.128,-2.836,5.054
-5.875,-1.795,4.600
-4.535,-0.635,4.683
-4.126,-3.069,2.973
-6.447,-2.381,2.380
-5.845,-0.760,1.994
-5.285,-2.184,1.076
-2.388,-1.286,3.248
-2.943,-1.434,1.567
-3.526,-0.099,2.576
-4.821,-1.991,7.787
-4.581,-1.363,9.075
-3.319,-1.892,9.765
-2.440,-1.126,10.156
-5.855,-1.371,9.927
-6.352,-2.666,10.579
-7.010,-2.426,12.252
-7.588,-4.101,12.596
-5.751,-2.346,7.620
-4.368,-0.320,8.867
-5.643,-0.668,10.716
-6.680,-0.987,9.327
-7.148,-3.074,9.960
-5.562,-3.406,10.658
-6.748,-4.792,12.522
-7.997,-4.138,13.605
-8.355,-4.379,11.875
-3.203,-3.216,9.823
-2.025,-3.935,10.270
-0.791,-3.446,9.502
0.212,-3.017,10.080
-2.340,-5.420,10.023
-3.317,-5.934,11.091
-2.589,-6.681,12.203
-1.443,-6.291,12.516
-3.156,-7.646,12.752
-3.948,-3.771,9.430
-1.858,-3.760,11.335
-2.813,-5.541,9.052
-1.448,-6.036,9.991
-3.871,-5.096,11.520
-4.032,-6.609,10.623
-0.884,-3.503,8.175
0.213,-3.184,7.281
0.693,-1.725,7.386
1.873,-1.463,7.187
-0.218,-3.548,5.860
0.882,-3.489,4.829
1.914,-4.446,4.847
0.842,-2.513,3.818
2.903,-4.428,3.850
1.834,-2.493,2.828
2.867,-3.442,2.852
3.878,-3.349,1.955
-1.756,-3.830,7.768
1.047,-3.830,7.558
-0.619,-4.562,5.860
-1.012,-2.867,5.565
1.944,-5.200,5.618
0.053,-1.775,3.797
3.714,-5.139,3.876
1.797,-1.749,2.049
3.916,-2.445,1.619
-0.190,-0.767,7.670
0.118,0.647,7.772
0.624,0.974,9.171
1.601,1.716,9.291
-1.130,1.471,7.452
-1.671,1.261,6.030
-2.949,2.091,5.877
-0.661,1.629,4.945
-1.152,-1.007,7.824
0.910,0.909,7.071
-1.912,1.213,8.169
-0.881,2.522,7.587
-1.922,0.223,5.855
-3.683,1.774,6.619
-2.725,3.147,6.036
-3.372,1.950,4.882
-0.383,2.676,5.076
0.223,0.977,4.976
-1.159,1.480,3.987
-0.002,0.406,10.212
0.504,0.536,11.570
1.965,0.094,11.579
2.829,0.823,12.069
-0.350,-0.256,12.578
0.267,-0.181,13.988
-0.635,-0.739,15.083
-0.962,-1.943,14.994
-0.938,0.036,16.018
-0.848,-0.137,10.064
0.459,1.591,11.845
-1.350,0.181,12.603
-0.433,-1.302,12.277
1.193,-0.754,14.015
0.491,0.859,14.226
2.253,-1.089,11.023
3.626,-1.565,10.967
3.799,-2.668,9.917
3.599,-3.838,10.239
4.036,-2.055,12.363
5.543,-2.230,12.465
6.247,-2.280,11.459
6.057,-2.292,13.690
1.503,-1.673,10.653
4.266,-0.719,10.720
3.741,-1.321,13.113
3.534,-2.992,12.602
5.447,-2.209,14.490
7.052,-2.388,13.808
4.231,-2.361,8.681
4.352,-3.376,7.642
5.380,-4.441,8.004
5.233,-5.598,7.604
4.689,-2.635,6.348
5.330,-1.337,6.831
4.709,-1.068,8.206
3.416,-3.912,7.515
5.349,-3.207,5.694
3.768,-2.394,5.817
6.405,-1.517,6.938
5.104,-0.522,6.137
5.479,-0.656,8.859
3.892,-0.346,8.114
6.381,-4.087,8.818
7.347,-5.057,9.297
6.653,-6.210,10.033
7.121,-7.344,10.015
8.373,-4.403,10.226
9.187,-3.279,9.570
9.691,-2.340,10.674
10.829,-1.444,10.161
11.228,-0.415,11.150
6.418,-3.149,9.190
7.847,-5.423,8.408
7.848,-4.031,11.103
9.069,-5.170,10.568
10.017,-3.729,9.023
8.579,-2.708,8.866
8.837,-1.742,11.004
10.041,-2.949,11.512
11.694,-2.072,9.932
10.519,-0.955,9.234
10.839,-0.126,12.037
11.451,-1.208,11.734
10.346,0.003,10.887
5.527,-5.923,10.688
4.784,-6.908,11.454
4.076,-7.919,10.535
3.531,-8.898,11.041
3.795,-6.147,12.349
3.164,-6.968,13.485
1.705,-6.520,13.649
0.972,-7.303,14.744
-0.452,-6.910,14.803
5.116,-4.999,10.599
5.483,-7.450,12.094
4.309,-5.300,12.807
3.008,-5.757,11.704
3.190,-8.034,13.263
3.725,-6.797,14.406
1.680,-5.450,13.870
1.186,-6.686,12.700
1.032,-8.369,14.517
1.447,-7.119,15.709
-0.877,-7.007,13.879
-0.979,-7.475,15.451
-0.553,-5.932,15.032
4.052,-7.702,9.209
3.279,-8.536,8.292
4.108,-9.021,7.100
4.080,-10.212,6.788
2.004,-7.792,7.864
0.928,-8.686,7.274
0.384,-9.725,8.055
0.446,-8.474,5.968
-0.561,-10.605,7.503
-0.500,-9.356,5.416
-0.997,-10.424,6.181
-1.779,-11.374,5.597
4.553,-6.906,8.824
2.974,-9.443,8.812
1.569,-7.316,8.745
2.272,-7.004,7.161
0.703,-9.863,9.078
0.799,-7.638,5.382
-0.943,-11.418,8.103
-0.850,-9.206,4.405
-2.319,-11.849,6.234
4.838,-8.123,6.428
5.719,-8.467,5.313
7.003,-7.629,5.433
7.123,-6.591,4.786
5.019,-8.266,3.945
3.537,-8.679,3.948
5.781,-9.068,2.878
2.852,-8.435,2.599
4.841,-7.158,6.742
5.987,-9.522,5.378
5.048,-7.210,3.676
3.440,-9.731,4.217
3.004,-8.073,4.677
6.853,-8.902,2.969
5.585,-10.134,2.997
5.473,-8.757,1.880
3.048,-7.418,2.259
3.207,-9.144,1.852
1.776,-8.561,2.718
7.972,-8.035,6.270
9.154,-7.229,6.530
10.242,-7.400,5.474
10.915,-6.429,5.139
9.631,-7.659,7.911
9.198,-9.123,8.000
7.897,-9.158,7.193
8.898,-6.169,6.559
10.704,-7.523,8.056
9.075,-7.063,8.632
9.949,-9.754,7.523
9.047,-9.440,9.033
7.805,-10.112,6.674
7.053,-9.018,7.869
10.431,-8.607,4.929
11.463,-8.865,3.926
11.060,-8.346,2.544
11.294,-9.013,1.542
9.840,-9.371,5.216
12.402,-8.397,4.222
11.621,-9.942,3.862
10.446,-7.165,2.502
9.800,-6.564,1.351
10.448,-5.193,1.184
10.844,-4.564,2.164
8.273,-6.545,1.605
7.573,-7.331,0.658
7.627,-5.165,1.745
10.469,-6.591,3.338
10.014,-7.146,0.455
8.093,-7.034,2.559
7.766,-7.043,-0.248
8.079,-4.628,2.580
7.742,-4.588,0.834
6.562,-5.283,1.951
10.609,-4.743,-0.061
11.443,-3.591,-0.387
10.888,-2.276,0.196
11.591,-1.269,0.250
11.567,-3.545,-1.912
12.754,-2.739,-2.441
12.581,-2.588,-3.959
13.889,-2.161,-4.638
13.717,-1.976,-6.095
10.237,-5.292,-0.824
12.433,-3.763,0.037
11.682,-4.562,-2.287
10.644,-3.143,-2.310
12.787,-1.759,-1.964
13.672,-3.281,-2.204
12.260,-3.548,-4.373
11.796,-1.851,-4.141
14.244,-1.230,-4.191
14.639,-2.937,-4.469
13.352,-2.821,-6.514
13.078,-1.215,-6.279
14.608,-1.761,-6.521
9.621,-2.273,0.610
8.927,-1.138,1.188
9.504,-0.758,2.560
8.926,-1.086,3.595
7.440,-1.510,1.260
6.564,-0.408,1.854
4.837,-0.421,1.318
4.004,0.296,2.757
9.104,-3.132,0.543
9.029,-0.282,0.519
7.094,-1.745,0.259
7.306,-2.402,1.872
6.565,-0.542,2.935
6.974,0.575,1.624
4.262,-0.270,3.651
4.309,1.333,2.879
2.926,0.258,2.608
10.605,0.000,2.587
11.159,0.575,3.808
10.297,1.736,4.340
10.791,2.835,4.582
12.627,0.984,3.577
12.835,2.078,2.504
13.513,-0.253,3.374
13.403,1.609,1.160
11.123,0.133,1.729
11.155,-0.193,4.583
12.948,1.419,4.518
11.898,2.597,2.304
13.538,2.810,2.905
13.385,-0.936,4.215
13.249,-0.778,2.457
14.561,0.046,3.335
12.740,0.886,0.694
13.494,2.470,0.497
14.393,1.172,1.290
8.999,1.498,4.539
8.068,2.497,5.041
8.117,2.514,6.571
8.106,1.457,7.201
6.666,2.194,4.511
5.617,3.196,4.941
5.696,4.528,4.492
4.570,2.805,5.798
4.713,5.457,4.869
3.580,3.730,6.165
3.642,5.047,5.681
8.670,0.548,4.413
8.365,3.476,4.661
6.700,2.198,3.421
6.377,1.195,4.839
6.500,4.840,3.843
4.504,1.793,6.168
4.757,6.470,4.492
2.765,3.419,6.804
2.843,5.732,5.905
8.215,3.708,7.163
8.478,3.867,8.586
7.222,3.639,9.430
7.180,2.698,10.220
9.095,5.244,8.852
8.197,4.534,6.584
9.217,3.122,8.886
8.421,6.039,8.531
9.293,5.353,9.919
10.036,5.333,8.309
6.225,4.520,9.307
5.046,4.482,10.154
4.151,5.688,9.887
4.526,6.601,9.149
6.282,5.284,8.647
4.487,3.567,9.951
5.346,4.495,11.202
2.957,5.663,10.480
1.856,6.576,10.219
1.137,6.891,11.558
1.607,6.423,12.590
1.034,5.881,9.110
1.155,6.644,7.792
-0.413,5.659,9.466
0.356,6.001,6.658
2.706,4.836,11.004
2.248,7.524,9.849
1.431,4.878,8.930
0.796,7.657,7.877
2.212,6.709,7.565
-0.469,5.215,10.455
-0.903,6.626,9.416
-0.862,4.965,8.759
0.661,4.966,6.501
-0.714,6.037,6.863
0.528,6.589,5.763
0.060,7.708,11.569
-0.578,8.244,12.787
-0.708,7.203,13.909
0.057,7.244,14.869
-1.938,8.934,12.510
-1.787,10.122,11.543
-3.023,11.037,11.479
-4.143,10.481,10.585
-5.225,11.468,10.384
-0.280,8.037,10.681
0.096,9.013,13.169
-2.704,8.238,12.171
-2.303,9.314,13.464
-0.955,10.731,11.905
-1.537,9.770,10.542
-3.395,11.216,12.491
-2.692,11.994,11.070
-3.740,10.222,9.605
-4.564,9.578,11.027
-4.890,12.298,9.921
-5.960,11.079,9.794
-5.672,11.720,11.253
-1.693,6.304,13.792
-1.809,5.087,14.590
-3.088,4.326,14.244
-3.063,3.148,13.914
-1.810,5.369,16.108
-0.748,4.486,16.774
-0.876,4.506,18.300
0.141,3.525,18.902
-0.006,3.393,20.365
-2.266,6.357,12.966
-0.957,4.461,14.322
-1.641,6.420,16.334
-2.784,5.122,16.527
-0.880,3.458,16.422
0.241,4.837,16.469
-0.697,5.523,18.658
-1.891,4.203,18.566
0.003,2.540,18.448
1.151,3.871,18.671
0.125,4.288,20.815
-0.925,3.035,20.589
0.686,2.745,20.716
-4.221,5.006,14.435
-5.525,4.369,14.582
-6.570,5.061,13.711
-7.482,4.410,13.202
-5.891,4.393,16.072
-7.196,3.652,16.385
-7.346,3.538,17.910
-8.660,2.867,18.335
-9.843,3.709,18.058
-4.115,5.953,14.759
-5.473,3.326,14.263
-5.081,3.909,16.621
-5.970,5.427,16.411
-8.027,4.201,15.943
-7.150,2.652,15.948
-6.520,2.928,18.285
-7.260,4.526,18.369
-8.759,1.908,17.822
-8.614,2.673,19.409
-9.764,4.592,18.543
-9.931,3.883,17.067
-10.679,3.238,18.380
-6.438,6.380,13.541
-7.246,7.145,12.609
-6.722,6.902,11.192
-7.488,6.866,10.233
-7.153,8.630,12.990
-7.134,8.764,14.396
-8.313,9.444,12.413
-5.707,6.891,14.015
-8.285,6.820,12.676
-6.216,9.039,12.615
-7.977,8.461,14.745
-8.311,9.377,11.325
-9.266,9.068,12.787
-8.208,10.491,12.701
-5.400,6.737,11.057
-4.744,6.540,9.779
-5.419,5.495,8.899
-5.732,5.758,7.740
-3.309,6.135,10.047
-3.111,4.883,10.932
-2.737,3.629,10.138
-3.087,3.574,8.941
-2.070,2.769,10.740
-4.796,6.701,11.871
-4.743,7.487,9.239
-2.902,5.963,9.058
-2.791,6.978,10.487
-2.263,5.049,11.585
-3.958,4.669,11.578
-5.696,4.337,9.490
-6.233,3.175,8.813
-7.685,3.401,8.392
-8.333,2.508,7.858
-6.134,1.978,9.756
-6.806,2.295,11.102
-7.503,1.088,11.731
-8.711,1.524,12.443
-9.799,0.755,12.603
-9.698,-0.577,12.474
-10.980,1.324,12.878
-5.350,4.201,10.423
-5.625,2.983,7.927
-6.629,1.158,9.245
-5.087,1.716,9.921
-6.058,2.686,11.795
-7.560,3.066,10.949
-7.802,0.406,10.935
-6.810,0.583,12.408
-8.750,2.513,12.669
-8.798,-1.006,12.271
-10.500,-1.182,12.560
-11.089,2.332,12.827
-11.814,0.769,12.993
-8.214,4.583,8.692
-9.499,5.053,8.271
-9.265,6.158,7.241
-9.923,6.171,6.214
-10.208,5.558,9.532
-11.679,5.162,9.602
-12.242,5.698,10.903
-12.434,6.936,10.926
-12.370,4.892,11.851
-7.675,5.245,9.232
-10.067,4.245,7.803
-9.745,5.116,10.417
-10.094,6.637,9.616
-12.233,5.569,8.758
-11.771,4.075,9.592
-8.344,7.094,7.491
-8.164,8.299,6.688
-7.520,7.954,5.350
-8.050,8.280,4.288
-7.325,9.329,7.461
-8.093,10.061,8.556
-9.280,9.739,8.791
-7.449,10.939,9.173
-7.736,6.972,8.288
-9.128,8.752,6.462
-6.454,8.843,7.900
-6.979,10.087,6.759
-6.374,7.277,5.385
-5.671,6.886,4.186
-6.564,5.963,3.360
-6.773,6.157,2.162
-4.388,6.198,4.651
-3.409,6.037,3.484
-2.046,6.593,3.885
-3.266,4.566,3.090
-5.983,6.932,6.256
-5.439,7.784,3.613
-3.948,6.822,5.431
-4.624,5.238,5.116
-3.759,6.605,2.621
-2.156,7.579,4.325
-1.589,5.930,4.617
-1.420,6.675,3.000
-4.245,4.116,2.929
-2.683,4.500,2.174
-2.748,4.018,3.873
-7.136,4.980,4.051
-8.079,4.022,3.511
-9.314,4.730,2.982
-9.885,4.280,1.999
-8.389,2.978,4.601
-7.512,1.754,4.347
-9.858,2.555,4.711
-7.189,0.974,5.620
-6.983,4.967,5.047
-7.626,3.534,2.647
-8.109,3.400,5.555
-8.032,1.118,3.635
-6.568,2.089,3.926
-10.493,3.410,4.946
-10.167,2.107,3.771
-9.979,1.822,5.507
-8.095,0.666,6.137
-6.623,0.087,5.364
-6.573,1.585,6.276
-9.736,5.827,3.604
-10.938,6.519,3.169
-10.716,7.040,1.752
-11.573,6.900,0.881
-11.354,7.640,4.132
-9.235,6.151,4.424
-11.721,5.768,3.160
-10.512,8.296,4.341
-12.154,8.225,3.681
-11.730,7.237,5.074
-9.534,7.609,1.518
-9.144,8.070,0.201
-8.931,6.920,-0.782
-9.513,6.932,-1.860
-7.923,8.971,0.318
-7.183,9.186,-0.981
-7.749,9.928,-2.029
-5.955,8.547,-1.177
-6.990,10.202,-3.183
-5.187,8.838,-2.308
-5.671,9.725,-3.276
-4.847,10.131,-4.282
-8.874,7.685,2.286
-9.951,8.679,-0.200
-8.275,9.930,0.682
-7.232,8.558,1.054
-8.735,10.342,-1.906
-5.635,7.795,-0.483
-7.410,10.793,-3.980
-4.238,8.356,-2.433
-5.265,10.735,-4.897
-8.087,5.936,-0.474
-7.802,4.859,-1.406
-9.048,4.029,-1.744
-9.209,3.622,-2.893
-6.637,4.039,-0.850
-5.322,4.790,-1.116
-4.380,4.709,0.080
-4.590,4.284,-2.358
-7.532,5.971,0.371
-7.479,5.299,-2.350
-6.785,3.894,0.221
-6.610,3.068,-1.327
-5.559,5.834,-1.289
-4.164,3.667,0.316
-3.453,5.237,-0.142
-4.858,5.192,0.927
-4.362,3.225,-2.248
-5.226,4.439,-3.227
-3.653,4.838,-2.482
-9.959,3.818,-0.788
-11.250,3.184,-1.058
-12.080,4.013,-2.038
-13.008,3.480,-2.642
-12.071,2.961,0.221
-11.539,1.780,1.035
-12.326,1.561,2.333
-13.808,1.229,2.112
-14.399,0.611,3.316
-9.803,4.208,0.129
-11.053,2.211,-1.509
-12.093,3.875,0.815
-13.094,2.724,-0.074
-11.573,0.872,0.431
-10.499,1.975,1.293
-11.849,0.733,2.859
-12.254,2.459,2.952
-14.348,2.144,1.863
-13.909,0.521,1.287
-13.947,0.916,4.179
-15.400,0.696,3.361
-14.152,-0.378,3.324
-11.774,5.305,-2.186
-12.342,6.112,-3.248
-11.568,5.845,-4.534
-12.158,5.535,-5.559
-12.328,7.605,-2.870
-13.362,8.376,-3.708
-14.784,8.183,-3.153
-15.844,8.662,-4.160
-17.023,7.772,-4.172
-11.005,5.698,-1.658
-13.368,5.788,-3.413
-12.548,7.725,-1.808
-11.334,8.023,-3.052
-13.120,9.438,-3.709
-13.310,8.022,-4.741
-14.944,7.125,-2.947
-14.886,8.720,-2.208
-16.140,9.687,-3.932
-15.431,8.643,-5.170
-16.702,6.817,-4.334
-17.514,7.787,-3.293
-17.644,8.011,-4.931
-10.241,5.973,-4.497
-9.425,5.889,-5.694
-9.670,4.591,-6.470
-9.991,4.640,-7.655
-7.948,6.067,-5.346
-9.805,6.209,-3.617
-9.709,6.721,-6.342
-7.800,7.000,-4.802
-7.592,5.232,-4.743
-7.383,6.104,-6.278
-9.539,3.423,-5.831
-9.502,2.167,-6.581
-10.905,1.663,-6.971
-11.115,0.450,-7.007
-8.634,1.096,-5.862
-9.334,0.123,-5.102
-7.544,1.645,-4.941
-9.355,3.414,-4.834
-8.981,2.370,-7.519
-8.136,0.570,-6.666
-10.122,-0.135,-5.602
-7.136,2.584,-5.316
-7.962,1.768,-3.941
-6.733,0.921,-4.884
-11.892,2.547,-7.175
-13.280,2.148,-6.926
-14.331,3.152,-7.420
-15.252,2.759,-8.131
-13.418,1.954,-5.412
-14.851,1.702,-4.964
-15.559,0.882,-5.539
-15.275,2.387,-3.909
-11.662,3.532,-7.249
-13.484,1.197,-7.420
-12.799,1.124,-5.069
-13.052,2.868,-4.949
-14.639,3.045,-3.460
-16.249,2.351,-3.661
-14.201,4.410,-6.993
-15.223,5.448,-6.920
-16.224,5.159,-5.797
-17.381,4.791,-6.083
-15.864,5.807,-8.276
-15.068,6.904,-9.001
-15.289,8.271,-8.353
-16.318,8.896,-8.687
-14.456,8.659,-7.503
-15.861,5.444,-4.632
-13.379,4.619,-6.447
-14.693,6.334,-6.576
-15.958,4.930,-8.912
-16.869,6.197,-8.106
-14.006,6.656,-9.002
-15.414,6.960,-10.033
4.144,0.732,-0.600
3.972,-2.562,-1.643
0.783,0.698,0.074
4.605,3.628,1.038
7.433,0.840,-1.776
2.668,-0.698,-0.690
2.840,-1.961,-1.141
1.570,-2.618,-1.121
0.644,-1.715,-0.655
1.354,-0.480,-0.402
-0.814,-1.998,-0.399
1.317,-3.987,-1.685
0.873,-3.981,-3.150
0.977,-5.381,-3.733
1.432,-5.492,-4.890
0.673,-6.329,-2.974
2.902,1.984,0.300
1.556,1.808,0.433
1.038,3.001,1.052
2.121,3.756,1.455
3.304,3.119,0.924
-0.420,3.346,1.202
2.101,5.049,2.243
1.062,5.120,3.366
5.738,2.038,-0.435
5.683,3.170,0.290
6.931,3.879,0.097
7.668,3.157,-0.817
6.950,1.922,-1.045
7.264,5.260,0.611
8.935,3.595,-1.542
10.142,3.821,-0.624
5.454,-0.615,-1.562
6.722,-0.337,-1.962
7.244,-1.522,-2.605
6.279,-2.493,-2.511
5.144,-1.894,-1.871
8.603,-1.694,-3.230
6.437,-3.948,-2.878
7.274,-4.690,-1.838
8.069,-5.826,-2.447
7.919,-6.967,-1.968
8.852,-5.547,-3.375
3.911,-3.581,-1.964
-0.275,0.710,0.271
4.761,4.499,1.636
8.448,0.861,-2.121
-1.416,-1.115,-0.604
-1.160,-2.808,-1.041
-0.935,-2.297,0.642
2.182,-4.635,-1.573
0.576,-4.450,-1.077
-0.155,-3.628,-3.230
1.521,-3.317,-3.722
-0.555,4.409,1.016
-1.024,2.814,0.469
-0.754,3.084,2.205
3.038,5.132,2.781
1.222,4.319,4.092
1.184,6.085,3.849
0.048,5.058,2.998
7.052,5.987,-0.173
6.683,5.517,1.493
8.313,5.318,0.883
9.227,2.812,-2.233
10.137,3.093,0.188
11.058,3.707,-1.203
10.126,4.829,-0.215
8.609,-1.241,-4.214
9.370,-1.225,-2.614
8.816,-2.754,-3.353
5.493,-4.471,-2.996
6.896,-3.992,-3.852
7.991,-4.003,-1.390
6.607,-5.069,-1.063